SALE TYPE,SOLD DATE,PROPERTY TYPE,ADDRESS,CITY,STATE,ZIP,PRICE,BEDS,BATHS,LOCATION,SQUARE FEET,LOT SIZE,YEAR BUILT,DAYS ON MARKET,$/SQUARE FEET,HOA/MONTH,STATUS,NEXT OPEN HOUSE START TIME,NEXT OPEN HOUSE END TIME,URL (SEE http://www.redfin.com/buy-a-home/comparative-market-analysis FOR INFO ON PRICING),SOURCE,MLS#,FAVORITE,INTERESTED,LATITUDE,LONGITUDE
PAST SALE,January-11-2019,Single Family Residential,23820 5th Ave W,Bothell,WA,98021,394950,3,1.5,Bothell,1232,11761,1967,15,321,,Sold,,,http://www.redfin.com/WA/Bothell/23820-5th-Ave-W-98021/home/2745210,NWMLS,1321341,N,Y,47.7818563,-122.2401039
PAST SALE,August-14-2018,Condo/Co-op,18930 Bothell Everett Hwy Unit A102,Bothell,WA,98012,290000,2,1.0,Thrashers Corner,887,,1998,165,327,361,Sold,,,http://www.redfin.com/WA/Bothell/18930-Bothell-Everett-Hwy-98012/unit-A102/home/12104291,NWMLS,1313038,N,Y,47.8252115,-122.2098446
PAST SALE,November-29-2018,Condo/Co-op,2009 196th St SE Unit F102,Bothell,WA,98012,320000,2,2.0,Thrashers Corner,1018,366781,2000,58,314,285,Sold,,,http://www.redfin.com/WA/Bothell/2009-196th-St-SE-98012/unit-F102/home/2884454,NWMLS,1366987,N,Y,47.8213595,-122.2049959
PAST SALE,November-27-2018,Single Family Residential,3121 200th Place SE,Bothell,WA,98012,555000,4,2.5,Thrashers Corner,1854,5663,1996,60,299,42,Sold,,,http://www.redfin.com/WA/Bothell/3121-200th-Pl-SE-98012/home/2851335,NWMLS,1365060,N,Y,47.8162327,-122.1905778
PAST SALE,September-28-2018,Single Family Residential,23714 Carter Rd,Bothell,WA,98021,625000,4,2.75,Bothell,2111,6970,2000,120,296,,Sold,,,http://www.redfin.com/WA/Bothell/23714-Carter-Rd-98021/home/2866048,NWMLS,1335538,N,Y,47.7833322,-122.252085
PAST SALE,December-20-2018,Single Family Residential,17808 31st Dr SE,Bothell,WA,98012,740000,4,2.5,Bothell,2925,6098,2001,37,253,,Sold,,,http://www.redfin.com/WA/Bothell/17808-31st-Dr-SE-98012/home/2886516,NWMLS,1369425,N,Y,47.8366722,-122.1908639
PAST SALE,August-28-2018,Single Family Residential,20314 97th Ave NE,Bothell,WA,98011,600000,3,2.25,Canyon Park,1650,10260,1977,151,364,,Sold,,,http://www.redfin.com/WA/Bothell/20314-97th-Ave-NE-98011/home/286416,NWMLS,1331436,N,Y,47.7757066,-122.211138
PAST SALE,December-7-2018,Condo/Co-op,2201 192nd St SE,Bothell,WA,98012,375000,3,1.75,Bothell,1396,,1999,50,269,395,Sold,,,http://www.redfin.com/WA/Bothell/2201-192nd-St-SE-98012/home/2539389,NWMLS,1378423,N,Y,47.82636,-122.2032819
PAST SALE,September-11-2018,Single Family Residential,23016 2nd Ave SE,Bothell,WA,98021,565000,4,2.0,Kenmore,2495,17860,1963,137,226,,Sold,,,http://www.redfin.com/WA/Bothell/23016-2nd-Ave-SE-98021/home/2706285,NWMLS,1319720,N,Y,47.7889254,-122.2290674
PAST SALE,October-29-2018,Condo/Co-op,15730 116th Ave NE #405,Bothell,WA,98011,440000,2,2.0,Bothell,1096,187743,2007,89,401,331,Sold,,,http://www.redfin.com/WA/Bothell/15730-116th-Ave-NE-98011/unit-405/home/12536617,NWMLS,1357600,N,Y,47.7422885,-122.1854547
PAST SALE,October-25-2018,Condo/Co-op,15700 116th Ave NE Unit 106A,Bothell,WA,98011,455000,2,2.0,Kingsgate,1309,187743,2007,93,348,394,Sold,,,http://www.redfin.com/WA/Bothell/15700-116th-Ave-NE-98011/unit-106A/home/12538510,NWMLS,1346250,N,Y,47.7417104,-122.1853146
PAST SALE,August-7-2018,Single Family Residential,2724 169th St SE,Bothell,WA,98012,520000,4,2.5,Bothell,2158,8712,1978,172,241,,Sold,,,http://www.redfin.com/WA/Bothell/2724-169th-St-SE-98012/home/2779803,NWMLS,1300921,N,Y,47.844788184,-122.1957471
PAST SALE,October-26-2018,Single Family Residential,20023 6th Dr SE,Bothell,WA,98012,830000,5,3.0,Bothell,3371,6970,2015,92,246,94,Sold,,,http://www.redfin.com/WA/Bothell/20023-6th-Dr-SE-98012/home/105199456,NWMLS,1345087,N,Y,47.8161828,-122.2226734
PAST SALE,August-31-2018,Single Family Residential,18127 42nd Dr SE,Bothell,WA,98012,749900,5,2.75,Bothell,2661,6369,2014,148,282,37,Sold,,,http://www.redfin.com/WA/Bothell/18127-42nd-Dr-SE-98012/home/69351843,NWMLS,1309673,N,Y,47.8329122,-122.1758486
PAST SALE,October-30-2018,Townhouse,2001 187th Place SE,Bothell,WA,98012,450000,3,2.25,Bothell,1515,3049,1995,88,297,76,Sold,,,http://www.redfin.com/WA/Bothell/2001-187th-Pl-SE-98012/home/2843226,NWMLS,1326475,N,Y,47.828213,-122.20595
PAST SALE,January-7-2019,Single Family Residential,3321 189th Place SE,Bothell,WA,98012,560000,4,2.5,Bothell,1982,4356,2000,19,283,25,Sold,,,http://www.redfin.com/WA/Bothell/3321-189th-Pl-SE-98012/home/2882120,NWMLS,1358083,N,Y,47.8260789,-122.1877965
PAST SALE,August-13-2018,Single Family Residential,17325 24th Ave SE,Bothell,WA,98012,515000,4,1.75,Mays Pond,1487,7405,1970,166,346,26,Sold,,,http://www.redfin.com/WA/Bothell/17325-24th-Ave-SE-98012/home/2677535,NWMLS,1316536,N,Y,47.840269,-122.1999521
PAST SALE,November-21-2018,Townhouse,317 202nd St SE,Bothell,WA,98012,589950,4,3.0,Floral Hills,2483,2866,2016,66,238,75,Sold,,,http://www.redfin.com/WA/Bothell/317-202nd-St-SE-98012/unit-9/home/104230508,NWMLS,1337308,N,Y,47.8149186,-122.2272224
PAST SALE,November-14-2018,Condo/Co-op,14915 38th Dr SE #1113,Bothell,WA,98012,315000,2,2.5,Mill Creek,1114,399159,2006,73,283,240,Sold,,,http://www.redfin.com/WA/Bothell/14915-38th-Dr-SE-98012/unit-1113/home/11883715,NWMLS,1362847,N,Y,47.8625823,-122.1801939
PAST SALE,September-25-2018,Single Family Residential,4610 145th Place SE,Snohomish,WA,98296,800000,4,2.5,Mill Creek,3579,8712,2005,123,224,,Sold,,,http://www.redfin.com/WA/Snohomish/4610-145th-Pl-SE-98296/home/2899805,NWMLS,1338807,N,Y,47.865356,-122.170805
PAST SALE,November-13-2018,Single Family Residential,17211 109th Place NE,Bothell,WA,98011,865000,3,2.5,Bothell,2870,10237,2000,74,301,,Sold,,,http://www.redfin.com/WA/Bothell/17211-109th-Pl-NE-98011/home/285140,NWMLS,1362805,N,Y,47.7526718,-122.1949801
PAST SALE,August-20-2018,Townhouse,3417 164th Place SE,Bothell,WA,98012,455000,3,2.5,Bothell,1682,2099,2012,159,271,100,Sold,,,http://www.redfin.com/WA/Bothell/3417-164th-Pl-SE-98012/unit-9/home/45390339,NWMLS,1305074,N,Y,47.8486651,-122.1856983
PAST SALE,September-17-2018,Single Family Residential,19416 2nd Dr SE Unit B,Bothell,WA,98012,500000,2,1.75,Bothell,1466,158171,2000,131,341,250,Sold,,,http://www.redfin.com/WA/Bothell/19416-2nd-Dr-SE-98012/unit-B/home/2887691,NWMLS,1340300,N,Y,47.821648,-122.2284124
PAST SALE,August-23-2018,Single Family Residential,1311 191st St SE,Bothell,WA,98012,593999,4,3.0,North Creek,2047,5663,2007,156,290,,Sold,,,http://www.redfin.com/WA/Bothell/1311-191st-St-SE-98012/home/12489607,NWMLS,1330188,N,Y,47.8251635,-122.2151157
PAST SALE,August-29-2018,Single Family Residential,2923 193rd Place SE,Bothell,WA,98012,385000,3,1.0,Bothell,1248,12632,1968,150,308,,Sold,,,http://www.redfin.com/WA/Bothell/2923-193rd-Pl-SE-98012/home/2764878,NWMLS,1302391,N,Y,47.8218348,-122.1929827
PAST SALE,July-31-2018,Single Family Residential,324 221st St SW,Bothell,WA,98021,537500,3,2.5,Bothell,2268,8712,1977,179,237,,Sold,,,http://www.redfin.com/WA/Bothell/324-221st-St-SW-98021/home/2775584,NWMLS,1305414,N,Y,47.7973411,-122.2380954
PAST SALE,November-16-2018,Single Family Residential,17825 28th Ave SE,Bothell,WA,98012,461000,3,2.0,Bothell,1402,10019,1985,71,329,,Sold,,,http://www.redfin.com/WA/Bothell/17825-28th-Ave-SE-98012/home/2799801,NWMLS,1343789,N,Y,47.8356379,-122.1941657
PAST SALE,September-21-2018,Single Family Residential,3518 157th Place SE,Bothell,WA,98012,705000,3,2.5,Bothell,2781,7841,2005,127,254,47,Sold,,,http://www.redfin.com/WA/Mill-Creek/3518-157th-Pl-SE-98012/home/2910155,NWMLS,1328499,N,Y,47.8548313,-122.1862454
PAST SALE,November-16-2018,Single Family Residential,18025 28th Dr SE,Bothell,WA,98012,535000,4,2.5,North Bothell,1827,5000,2002,71,293,58,Sold,,,http://www.redfin.com/WA/Bothell/18025-28th-Dr-SE-98012/unit-6/home/2896012,NWMLS,1343073,N,Y,47.8336989,-122.1943852
PAST SALE,October-26-2018,Single Family Residential,18230 92nd Ave NE,Bothell,WA,98011,502000,4,2.5,West Hill,2070,8868,1977,92,243,,Sold,,,http://www.redfin.com/WA/Bothell/18230-92nd-Ave-NE-98011/home/287124,NWMLS,1324932,N,Y,47.7601247,-122.2171808
PAST SALE,September-6-2018,Single Family Residential,10516 NE 196th St,Bothell,WA,98011,699950,4,2.5,Maywood Hills,2116,9000,1978,142,331,,Sold,,,http://www.redfin.com/WA/Bothell/10516-NE-196th-St-98011/home/286765,NWMLS,1330281,N,Y,47.7708099,-122.1995193
PAST SALE,October-25-2018,Townhouse,1906 187th Place SE,Bothell,WA,98012,466950,3,2.25,Bothell,1535,3920,1995,93,304,76,Sold,,,http://www.redfin.com/WA/Bothell/1906-187th-Pl-SE-98012/home/2843325,NWMLS,1355898,N,Y,47.827771,-122.206745
PAST SALE,October-5-2018,Condo/Co-op,1514 228th St SW,Bothell,WA,98021,490000,3,2.75,Bothell,2020,25212,1995,113,243,150,Sold,,,http://www.redfin.com/WA/Bothell/1514-228th-St-SW-98021/unit-A/home/2862991,NWMLS,1315352,N,Y,47.7912309,-122.2536613
PAST SALE,August-15-2018,Townhouse,18728 10th Ave SE #18,Bothell,WA,98012,510000,3,2.5,North Creek,1860,4000,2004,164,274,60,Sold,,,http://www.redfin.com/WA/Bothell/18728-10th-Ave-SE-98012/unit-18/home/2912907,NWMLS,1313091,N,Y,47.8279932,-122.2169141
PAST SALE,September-28-2018,Single Family Residential,3310 199th Place SE,Bothell,WA,98012,545000,4,3.0,North Bothell,1984,12632,1976,120,275,,Sold,,,http://www.redfin.com/WA/Bothell/3310-199th-Pl-SE-98012/home/2771642,NWMLS,1338868,N,Y,47.8164946,-122.1882336
PAST SALE,November-20-2018,Single Family Residential,9419 NE 180th St,Bothell,WA,98011,535000,3,1.75,Bothell,1690,14162,1949,67,317,,Sold,,,http://www.redfin.com/WA/Bothell/9419-NE-180th-St-98011/home/285761,NWMLS,1375854,N,Y,47.7582375,-122.2147172
PAST SALE,August-10-2018,Single Family Residential,12939 NE 204th Place,Woodinville,WA,98072,690000,4,2.5,Woodinville,2440,3635,2004,169,283,,Sold,,,http://www.redfin.com/WA/Woodinville/12939-NE-204th-Pl-98072/home/18662269,NWMLS,1331214,N,Y,47.7755273,-122.1682939
PAST SALE,November-6-2018,Single Family Residential,24303 23rd Ave W,Bothell,WA,98021,745000,4,3.0,Bothell,2864,45738,1978,81,260,,Sold,,,http://www.redfin.com/WA/Bothell/24303-23rd-Ave-W-98021/home/2655118,NWMLS,1355831,N,Y,47.7778818,-122.2617159
PAST SALE,December-12-2018,Single Family Residential,314 182nd St SE,Bothell,WA,98012,738000,4,3.0,North Bothell,3130,4792,2017,45,236,20,Sold,,,http://www.redfin.com/WA/Bothell/314-182nd-St-SE-98012/home/143846873,NWMLS,1363217,N,Y,47.8326308,-122.2230857
PAST SALE,August-17-2018,Single Family Residential,23410 13th Ave SE,Bothell,WA,98021,825000,4,2.5,Bothell,2843,7841,2001,162,290,,Sold,,,http://www.redfin.com/WA/Bothell/23410-13th-Ave-SE-98021/home/2884779,NWMLS,1304635,N,Y,47.7853334,-122.2157487
PAST SALE,October-4-2018,Single Family Residential,17801 20th Ave SE,Bothell,WA,98012,560000,3,3.5,Bothell,2450,3640,2009,114,229,62,Sold,,,http://www.redfin.com/WA/Bothell/17801-20th-Ave-SE-98012/unit-19/home/11884024,NWMLS,1339494,N,Y,47.8365577,-122.2058618
PAST SALE,August-3-2018,Single Family Residential,16928 17th Ave SE,Bothell,WA,98012,505000,3,1.75,Bothell,1500,9583,1983,176,337,,Sold,,,http://www.redfin.com/WA/Bothell/16928-17th-Ave-SE-98012/home/2791174,NWMLS,1318794,N,Y,47.8437571,-122.2097982
PAST SALE,October-22-2018,Single Family Residential,12849 NE 197th Place,Woodinville,WA,98072,700000,4,2.75,North Creek,2190,4596,2010,96,320,35,Sold,,,http://www.redfin.com/WA/Woodinville/12849-NE-197th-Pl-98072/home/22525450,NWMLS,1335017,N,Y,47.77048,-122.1691998
PAST SALE,December-17-2018,Single Family Residential,16428 42nd Dr SE,Bothell,WA,98012,599950,4,2.75,Bothell,2442,6534,2007,40,246,,Sold,,,http://www.redfin.com/WA/Bothell/16428-42nd-Dr-SE-98012/home/12490539,NWMLS,1363171,N,Y,47.8482167,-122.1759457
PAST SALE,September-14-2018,Single Family Residential,12217 NE 165th Place,Bothell,WA,98011,700000,4,2.5,Bothell,1800,10924,1995,134,389,9,Sold,,,http://www.redfin.com/WA/Bothell/12217-NE-165th-Pl-98011/home/455866,NWMLS,1347167,N,Y,47.747643,-122.1761933
PAST SALE,November-30-2018,Single Family Residential,3600 202nd Place SE,Bothell,WA,98012,650000,3,2.75,North Creek,2410,3485,2016,57,270,65,Sold,,,http://www.redfin.com/WA/Bothell/3600-S-202nd-Place-E-98012/home/105658741,NWMLS,1335327,N,Y,47.8144675,-122.1845227
PAST SALE,July-30-2018,Single Family Residential,1233 227th Place SW,Bothell,WA,98021,465000,3,2.0,Kenmore,1306,7841,1983,180,356,,Sold,,,http://www.redfin.com/WA/Bothell/1233-227th-Pl-SW-98021/home/2802830,NWMLS,1310058,N,Y,47.792304,-122.2504487
PAST SALE,October-9-2018,Single Family Residential,16225 1st Place W #16,Bothell,WA,98012,485000,4,2.5,Martha Lake,2092,6147,2006,109,232,80,Sold,,,http://www.redfin.com/WA/Bothell/16225-1st-Pl-W-98012/unit-16/home/11882598,NWMLS,1348014,N,Y,47.8503834,-122.2347144
PAST SALE,October-9-2018,Townhouse,15 164th St SW Unit G-3,Bothell,WA,98012,423000,3,2.25,Mill Creek,1546,,2006,109,274,280,Sold,,,http://www.redfin.com/WA/Bothell/15-164th-St-SW-98012/unit-G3/home/12105077,NWMLS,1334703,N,Y,47.8496584,-122.2333042
PAST SALE,December-3-2018,Single Family Residential,10711 Ross Rd Unit A,Bothell,WA,98011,642500,3,2.5,Bothell,2325,71371,2008,54,276,295,Sold,,,http://www.redfin.com/WA/Bothell/10711-Ross-Rd-98011/unit-A/home/40262734,NWMLS,1371950,N,Y,47.7630974,-122.1976434
PAST SALE,August-29-2018,Single Family Residential,17510 Gravenstein Rd,Bothell,WA,98012,660000,4,2.5,Martha Lake,2652,11761,1992,150,249,,Sold,,,http://www.redfin.com/WA/Bothell/17510-Gravenstein-Rd-98012/home/2829774,NWMLS,1331642,N,Y,47.8395017,-122.2352893
PAST SALE,November-16-2018,Townhouse,16307 1st Place W,Bothell,WA,98012,495000,4,2.5,Martha Lake,2233,2800,2006,71,222,80,Sold,,,http://www.redfin.com/WA/Bothell/16307-1st-Pl-W-98012/unit-20/home/17085355,NWMLS,1369287,N,Y,47.8499702,-122.2349352
PAST SALE,November-7-2018,Single Family Residential,122 167th Place SW,Mill Creek,WA,98012,505000,3,2.5,Mill Creek,1585,3920,2001,80,319,,Sold,,,http://www.redfin.com/WA/Mill-Creek/122-167th-Pl-SW-98012/home/2889800,NWMLS,1371597,N,Y,47.846729,-122.234844
PAST SALE,November-30-2018,Townhouse,9632 NE 183rd St Unit B,Bothell,WA,98011,718000,3,2.5,Downtown Bothell,1537,,2018,57,467,257,Sold,,,http://www.redfin.com/WA/Bothell/9632-NE-183rd-St-98011/unit-B/home/147038283,NWMLS,1360760,N,Y,47.7608179,-122.2113193
PAST SALE,November-30-2018,Single Family Residential,19719 104th Ave NE,Bothell,WA,98011,699700,4,2.5,Maywood Hills,2560,15600,1956,57,273,,Sold,,,http://www.redfin.com/WA/Bothell/19719-104th-Ave-NE-98011/home/287319,NWMLS,1378454,N,Y,47.7715353,-122.2019964
PAST SALE,October-29-2018,Single Family Residential,19724 11th Dr SE Unit ARV15,Bothell,WA,98012,781050,5,2.75,Thrashers Corner,2474,5800,2018,89,316,81,Sold,,,http://www.redfin.com/WA/Bothell/19724-11th-Dr-SE-98012/unit-ARV15/home/146191420,NWMLS,1324539,N,Y,47.81923653374088,-122.21654419634046
PAST SALE,August-17-2018,Single Family Residential,18206 42nd Dr SE,Bothell,WA,98012,730000,6,3.5,North Creek,3296,3920,2014,162,221,37,Sold,,,http://www.redfin.com/WA/Bothell/18206-42nd-Dr-SE-98012/home/69351849,NWMLS,1314071,N,Y,47.8325724,-122.176385
PAST SALE,August-20-2018,Single Family Residential,17814 41st Dr SE Unit PND 9,Bothell,WA,98012,655880,3,2.5,Bothell,1856,3200,2018,159,353,96,Sold,,,http://www.redfin.com/WA/Bothell/17814-41st-Dr-SE-98012/unit-PND-9/home/145543234,NWMLS,1283086,N,Y,47.8354037,-122.1772804
PAST SALE,December-7-2018,Single Family Residential,18716 12th Dr SE,Bothell,WA,98012,667000,4,2.5,Canyon Park,3029,4792,2005,50,220,35,Sold,,,http://www.redfin.com/WA/Bothell/18716-12th-Dr-SE-98012/home/2904005,NWMLS,1382454,N,Y,47.8280564,-122.2160273
PAST SALE,October-15-2018,Single Family Residential,909 183rd Place SE,Mill Creek,WA,98012,573000,4,2.5,Bothell,1996,5227,2001,103,287,42,Sold,,,http://www.redfin.com/WA/Mill-Creek/909-183rd-Pl-SE-98012/home/2889643,NWMLS,1362204,N,Y,47.8318789,-122.2194552
PAST SALE,October-12-2018,Single Family Residential,18412 11th Dr SE,Bothell,WA,98012,583000,4,2.5,Bothell,2064,4792,2001,106,282,50,Sold,,,http://www.redfin.com/WA/Bothell/18412-11th-Dr-SE-98012/home/2888735,NWMLS,1341407,N,Y,47.8307544,-122.2172871
PAST SALE,October-9-2018,Single Family Residential,631 196th Place SE,Bothell,WA,98012,525000,3,1.75,Bothell,1248,10890,1989,109,421,,Sold,,,http://www.redfin.com/WA/Bothell/631-196th-Pl-SE-98012/home/2819342,NWMLS,1337068,N,Y,47.8202836,-122.2223224
PAST SALE,October-25-2018,Single Family Residential,4604 186th Place SE,Bothell,WA,98012,716311,3,3.5,North Creek,2190,2387,2017,93,327,85,Sold,,,http://www.redfin.com/WA/Bothell/4604-186th-Pl-SE-98012/home/143020648,NWMLS,1169149,N,Y,47.8289,-122.1723
PAST SALE,October-4-2018,Single Family Residential,186th Place SE,Bothell,WA,98012,701740,4,3.5,North Creek,2291,3728,2017,114,306,85,Sold,,,http://www.redfin.com/WA/Bothell/186th-Pl-SE-98012/home/143185310,NWMLS,1176290,N,Y,47.8289,-122.1723
PAST SALE,November-28-2018,Single Family Residential,213 178th St SE #7,Bothell,WA,98012,690000,5,3.5,Mill Creek,3222,3822,2018,59,214,128,Sold,,,http://www.redfin.com/WA/Unknown/213-178th-St-SE-98012/unit-7/home/145939072,NWMLS,1304254,N,Y,47.836535,-122.229716
PAST SALE,October-5-2018,Single Family Residential,18620 45th Dr SE,Bothell,WA,98012,842245,4,2.5,North Creek,2779,4137,2017,113,303,85,Sold,,,http://www.redfin.com/WA/Bothell/18620-45th-Dr-SE-98012/home/144083086,NWMLS,1207596,N,Y,47.8161589,-122.1713449
PAST SALE,October-24-2018,Single Family Residential,18732 45th Dr SE,Bothell,WA,98012,729934,4,2.25,North Creek,1838,2811,2018,94,397,88,Sold,,,http://www.redfin.com/WA/Bothell/18732-45th-Dr-SE-98012/home/144397986,NWMLS,1222526,N,Y,47.8161589,-122.1713449
PAST SALE,July-31-2018,Single Family Residential,17719 7th Ave W,Bothell,WA,98012,725000,3,2.0,Bothell,2048,25265,1977,179,354,,Sold,,,http://www.redfin.com/WA/Bothell/17719-7th-Ave-W-98012/home/2773853,NWMLS,1293432,N,Y,47.8372513,-122.2421873
PAST SALE,November-20-2018,Condo/Co-op,18715 104th Ave NE #5,Bothell,WA,98011,699999,3,2.75,Downtown Bothell,1796,14455,2018,67,390,210,Sold,,,http://www.redfin.com/WA/Bothell/18715-104th-Ave-NE-98011/unit-5/home/147867431,NWMLS,1380107,N,Y,47.7643423,-122.2015633
PAST SALE,November-8-2018,Single Family Residential,18725 46th Ave SE,Bothell,WA,98012,766200,5,2.75,North Creek,2186,4102,2018,79,351,88,Sold,,,http://www.redfin.com/WA/Bothell/18725-46th-Ave-SE-98012/home/144476811,NWMLS,1225786,N,Y,47.828913,-122.172253
PAST SALE,October-16-2018,Single Family Residential,4111 177th Place SE Unit PND 5,Bothell,WA,98012,640978,3,2.5,Bothell,1856,3400,2018,102,345,96,Sold,,,http://www.redfin.com/WA/Bothell/4111-177th-Pl-SE-98012/unit-PND-5/home/145543178,NWMLS,1283068,N,Y,47.8372545,-122.1865422
PAST SALE,October-26-2018,Single Family Residential,18332 27th Dr SE,Bothell,WA,98012,615500,4,2.5,North Bothell,2328,5000,2003,92,264,59,Sold,,,http://www.redfin.com/WA/Bothell/18332-27th-Dr-SE-98012/unit-45/home/2895230,NWMLS,1334881,N,Y,47.831049,-122.1948282
PAST SALE,October-9-2018,Single Family Residential,3915 178th St SE,Bothell,WA,98012,645000,4,2.5,North Creek,2131,4792,2012,109,303,,Sold,,,http://www.redfin.com/WA/Bothell/3915-178th-St-SE-98012/home/45390780,NWMLS,1341761,N,Y,47.8365373,-122.1791909
PAST SALE,October-29-2018,Single Family Residential,15622 36th Ave SE,Bothell,WA,98012,690000,4,2.75,Mill Creek,2898,5663,2006,89,238,41,Sold,,,http://www.redfin.com/WA/Bothell/15622-36th-Ave-SE-98012/home/22957932,NWMLS,1361027,N,Y,47.8557319,-122.1851532
PAST SALE,November-28-2018,Single Family Residential,4523 187th Place SE Unit A,Bothell,WA,98012,679681,3,3.5,North Creek,2190,3031,2017,59,310,85,Sold,,,http://www.redfin.com/WA/Bothell/4523-187th-Pl-SE-98012/unit-A/home/143937387,NWMLS,1200780,N,Y,47.8277508,-122.1859411
PAST SALE,October-10-2018,Single Family Residential,20401 Bothell Way NE,Bothell,WA,98011,316500,3,1.0,Bothell,1080,30721,1918,108,293,,Sold,,,http://www.redfin.com/WA/Bothell/20401-Bothell-Way-NE-98011/home/283963,NWMLS,1351497,N,Y,47.7760877,-122.2172102
PAST SALE,November-15-2018,Single Family Residential,4413 235th Place SE #206,Bothell,WA,98021,849950,4,2.5,Canyon Park,2501,3399,2018,72,340,71,Sold,,,http://www.redfin.com/WA/Bothell/4413-235th-Pl-SE-98021/unit-206/home/145874766,NWMLS,1301084,N,Y,47.7853791,-122.2029648
PAST SALE,August-27-2018,Single Family Residential,23131 14th Dr SE,Bothell,WA,98021,610000,4,2.5,Canyon Park,2398,8267,1994,152,254,3,Sold,,,http://www.redfin.com/WA/Bothell/23131-14th-Dr-SE-98021/home/2838032,NWMLS,1331706,N,Y,47.7878298,-122.2132629
PAST SALE,August-13-2018,Single Family Residential,16813 42nd Dr SE,Bothell,WA,98012,655000,3,2.5,North Creek,1990,6098,2013,166,329,48,Sold,,,http://www.redfin.com/WA/Bothell/16813-42nd-Dr-SE-98012/home/54809064,NWMLS,1326640,N,Y,47.8451106,-122.1754384
PAST SALE,October-31-2018,Single Family Residential,19728 11th Dr SE Unit ARV17,Bothell,WA,98012,821200,5,2.75,Thrashers Corner,2703,4699,2018,87,304,81,Sold,,,http://www.redfin.com/WA/Bothell/19728-11th-Dr-SE-98012/unit-ARV17/home/146242582,NWMLS,1326884,N,Y,47.8137925,-122.2165806
PAST SALE,December-7-2018,Single Family Residential,4523 187th Place SE Unit B,Bothell,WA,98012,679036,3,3.5,North Creek,2190,2085,2018,50,310,85,Sold,,,http://www.redfin.com/WA/Bothell/4523-187th-Pl-SE-98012/unit-B/home/144960362,NWMLS,1262765,N,Y,47.8277508,-122.1859411
PAST SALE,October-10-2018,Single Family Residential,17109 3rd Ave SE,Mill Creek,WA,98012,683000,8,3.0,North Creek,3629,21344,1988,108,188,,Sold,,,http://www.redfin.com/WA/Bothell/17109-3rd-Ave-SE-98012/home/2482156,NWMLS,1337012,N,Y,47.8428803,-122.2273276
PAST SALE,September-17-2018,Single Family Residential,19424 2nd Dr SE Unit A,Bothell,WA,98012,490000,2,1.75,Bothell,1466,158171,2000,131,334,250,Sold,,,http://www.redfin.com/WA/Bothell/19424-2nd-Dr-SE-98012/unit-A/home/2887694,NWMLS,1354090,N,Y,47.8207986,-122.2283202
PAST SALE,September-27-2018,Single Family Residential,20433 13th Dr SE,Bothell,WA,98012,455000,4,2.5,Thrashers Corner,1930,7405,1974,121,236,,Sold,,,http://www.redfin.com/WA/Bothell/20433-13th-Dr-SE-98012/home/2751922,NWMLS,1297665,N,Y,47.811953,-122.2143745
PAST SALE,August-31-2018,Single Family Residential,4404 186th St SE,Bothell,WA,98012,745000,3,2.5,North Bothell,2233,3049,2016,148,334,89,Sold,,,http://www.redfin.com/WA/Bothell/4404-186th-St-SE-98012/home/103768359,NWMLS,1343388,N,Y,47.8288029,-122.1733397
PAST SALE,August-30-2018,Single Family Residential,19115 104th Ave NE,Bothell,WA,98011,650000,4,2.25,Downtown Bothell,2090,15743,1962,149,311,,Sold,,,http://www.redfin.com/WA/Bothell/19115-104th-Ave-NE-98011/home/286432,NWMLS,1317545,N,Y,47.7673311,-122.2018924
PAST SALE,December-1-2018,Single Family Residential,1410 192nd Place SE #11,Bothell,WA,98012,624995,5,3.25,Bothell,2738,2928,2018,56,228,125,Sold,,,http://www.redfin.com/WA/Bothell/1408-192nd-St-SE-98012/unit-11/home/146214136,NWMLS,1326000,N,Y,47.8235814,-122.2139896
PAST SALE,November-30-2018,Single Family Residential,17404 31st Dr SE,Bothell,WA,98012,593250,4,2.5,Bothell,2695,6098,2001,57,220,25,Sold,,,http://www.redfin.com/WA/Bothell/17404-31st-Dr-SE-98012/home/2886506,NWMLS,1290129,N,Y,47.8398188,-122.1908296
PAST SALE,December-7-2018,Single Family Residential,17024 17th Ave SE,Bothell,WA,98012,445000,4,2.0,Bothell,2423,9583,1980,50,184,,Sold,,,http://www.redfin.com/WA/Bothell/17024-17th-Ave-SE-98012/home/2791177,NWMLS,1374674,N,Y,47.8430172,-122.2098285
PAST SALE,November-30-2018,Single Family Residential,2331 170th St SE,Bothell,WA,98012,550000,4,2.25,Mill Creek,2465,7405,1977,57,223,,Sold,,,http://www.redfin.com/WA/Bothell/2331-170th-St-SE-98012/home/2774313,NWMLS,1358786,N,Y,47.8436234,-122.2006274
PAST SALE,October-12-2018,Single Family Residential,21620 6th Ave W,Bothell,WA,98021,435000,3,1.75,Bothell,1584,8712,1970,106,275,,Sold,,,http://www.redfin.com/WA/Bothell/21620-6th-Ave-W-98021/home/2768955,NWMLS,1352357,N,Y,47.8017348,-122.2410617
PAST SALE,October-5-2018,Single Family Residential,720 183rd St SE,Bothell,WA,98012,1875000,6,4.0,North Creek,6420,205168,2005,113,292,,Sold,,,http://www.redfin.com/WA/Bothell/720-183rd-St-SE-98012/home/2546494,NWMLS,1291008,N,Y,47.8315914,-122.2235917
PAST SALE,November-30-2018,Single Family Residential,112 178th St SE #17,Bothell,WA,98012,749950,4,3.5,Bothell,3395,4807,2018,57,221,128,Sold,,,http://www.redfin.com/WA/Bothell/112-178th-St-SE-98012/unit-17/home/146781808,NWMLS,1348617,N,Y,47.8367,-122.229
PAST SALE,November-28-2018,Single Family Residential,3912 174th St SE,Bothell,WA,98012,650000,3,2.5,Mill Creek,2194,3049,2016,59,296,57,Sold,,,http://www.redfin.com/WA/Bothell/3912-174th-St-SE-98012/home/103642137,NWMLS,1368977,N,Y,47.839627,-122.179549
PAST SALE,August-3-2018,Single Family Residential,18304 3rd Dr SE,Bothell,WA,98012,799000,5,2.75,North Creek,3392,4440,2018,176,236,20,Sold,,,http://www.redfin.com/WA/Bothell/18304-3rd-Dr-SE-98012/home/144759629,NWMLS,1311156,N,Y,47.8317066,-122.2270597
PAST SALE,December-12-2018,Single Family Residential,19502 Meridian Dr SE,Bothell,WA,98012,680000,4,2.75,Bothell,2433,3218,2015,45,279,45,Sold,,,http://www.redfin.com/WA/Bothell/19502-Meridian-Dr-SE-98012/unit-33/home/109593370,NWMLS,1370093,N,Y,47.821104,-122.2316713
PAST SALE,December-14-2018,Single Family Residential,1903 169th Place SE,Bothell,WA,98012,575000,5,2.5,Mill Creek Country Club,2262,20909,1980,43,254,,Sold,,,http://www.redfin.com/WA/Bothell/1903-169th-Pl-SE-98012/home/2787547,NWMLS,1356015,N,Y,47.8447947,-122.2063505
PAST SALE,December-14-2018,Single Family Residential,20220 12th Dr SE,Bothell,WA,98012,478000,3,2.5,Thrashers Corner,1672,7405,1974,43,286,,Sold,,,http://www.redfin.com/WA/Bothell/20220-12th-Dr-SE-98012/home/2770758,NWMLS,1339335,N,Y,47.8142988,-122.2159324
PAST SALE,December-13-2018,Single Family Residential,1406 192nd Place SE #10,Bothell,WA,98012,649995,5,3.0,Bothell,2850,2928,2018,44,228,125,Sold,,,http://www.redfin.com/WA/Bothell/1406-192nd-Pl-SE-98012/unit-10/home/146089795,NWMLS,1316745,N,Y,47.8234721,-122.1994184
PAST SALE,July-31-2018,Condo/Co-op,15300 112th Ave NE Unit A203,Bothell,WA,98011,280000,1,1.0,Bothell,744,,1999,179,376,270,Sold,,,http://www.redfin.com/WA/Bothell/15300-112th-Ave-NE-98011/unit-205/home/17950537,NWMLS,1293166,N,Y,47.7399328,-122.1897858
PAST SALE,December-11-2018,Single Family Residential,17313 20th Dr SE,Bothell,WA,98012,505000,3,2.25,Mays Pond,1542,7405,1977,46,327,20,Sold,,,http://www.redfin.com/WA/Bothell/17313-20th-Dr-SE-98012/home/2774624,NWMLS,1373068,N,Y,47.840579,-122.2045843
PAST SALE,December-28-2018,Single Family Residential,1119 198th Place SE Unit ARV14,Bothell,WA,98012,736200,4,3.25,Thrashers Corner,2850,4122,2018,29,258,81,Sold,,,http://www.redfin.com/WA/Bothell/1119-198th-Pl-SE-98012/unit-ARV14/home/147297313,NWMLS,1367989,N,Y,47.8187909,-122.2157972
PAST SALE,January-4-2019,Single Family Residential,1127 198th Place SE Unit ARV12,Bothell,WA,98012,730000,5,3.25,Thrashers Corner,3013,4335,2018,22,242,81,Sold,,,http://www.redfin.com/WA/Bothell/1127-198th-Pl-SE-98012/unit-ARV12/home/147561234,NWMLS,1319760,N,Y,47.8188526,-122.2157962
PAST SALE,January-4-2019,Townhouse,17320 13th Ave SE,Bothell,WA,98012,489999,3,2.5,Mill Creek,2019,5140,2007,22,243,31,Sold,,,http://www.redfin.com/WA/Mill-Creek/17320-13th-Ave-SE-98012/unit-11W/home/11885301,NWMLS,1389410,N,Y,47.8405181,-122.2149223
PAST SALE,January-10-2019,Single Family Residential,16731 23rd Ave SE,Bothell,WA,98012,540000,4,2.5,Bothell,2027,9148,1980,16,266,,Sold,,,http://www.redfin.com/WA/Bothell/16731-23rd-Ave-SE-98012/home/2779694,NWMLS,1393482,N,Y,47.8458725,-122.20154
PAST SALE,January-16-2019,Condo/Co-op,126 198th St SE #4,Bothell,WA,98012,629950,4,3.0,Bothell,2774,2417,2018,10,227,79,Sold,,,http://www.redfin.com/WA/North-Creek/126-198th-St-SE-98012/unit-4/home/147046028,NWMLS,1358032,N,Y,47.8184773,-122.2012768
PAST SALE,January-16-2019,Single Family Residential,19810 11th Dr SE Unit ARV23,Bothell,WA,98012,690000,3,2.5,Thrashers Corner,2084,4000,2018,10,331,81,Sold,,,http://www.redfin.com/WA/Bothell/19810-11th-Dr-SE-98012/unit-ARV23/home/147386120,NWMLS,1370307,N,Y,47.8137925,-122.2165806
PAST SALE,January-16-2019,Single Family Residential,17823 36th Ave SE,Bothell,WA,98012,680000,3,2.5,Bothell,2259,3718,2015,10,301,57,Sold,,,http://www.redfin.com/WA/Bothell/17823-36th-Ave-SE-98012/unit-3014/home/59706580,NWMLS,1393200,N,Y,47.835736,-122.1842518
PAST SALE,January-18-2019,Single Family Residential,18916 1st Ave SE,Bothell,WA,98012,513000,4,2.5,Bothell,2073,3920,1999,8,247,,Sold,,,http://www.redfin.com/WA/Bothell/18916-1st-Ave-SE-98012/home/2869931,NWMLS,1389891,N,Y,47.8262468,-122.2324811
PAST SALE,January-22-2019,Single Family Residential,18800 20th Ave SE,Bothell,WA,98012,475000,3,2.5,Bothell,1695,3920,1996,4,280,91,Sold,,,http://www.redfin.com/WA/Bothell/18800-20th-Ave-SE-98012/home/2843189,NWMLS,1365048,N,Y,47.8273135,-122.2057902
PAST SALE,January-25-2019,Single Family Residential,19023 4th Ave SE,Bothell,WA,98012,560000,4,3.0,Bothell,2295,3540,2005,1,244,20,Sold,,,http://www.redfin.com/WA/Bothell/19023-4th-Ave-SE-98012/home/2914714,NWMLS,1369785,N,Y,47.8253702,-122.2262371
PAST SALE,October-18-2018,Single Family Residential,23923 33rd Dr SE,Bothell,WA,98021,387000,1,1.0,Bothell,809,278874,2004,100,478,75,Sold,,,http://www.redfin.com/WA/Bothell/23923-33rd-Dr-SE-98021/unit-16/home/2909450,NWMLS,1368605,N,Y,47.7808601,-122.1879559
PAST SALE,December-6-2018,Single Family Residential,2522 240th St SE,Bothell,WA,98021,811000,3,2.5,Maywood Hills,2770,24394,1974,51,293,,Sold,,,http://www.redfin.com/WA/Bothell/2522-240th-St-SE-98021/home/2623105,NWMLS,1361774,N,Y,47.7796762,-122.198337
PAST SALE,November-30-2018,Townhouse,22264 9th Dr SE Unit 6-S,Bothell,WA,98021,849950,5,2.75,Canyon Park,3044,,2018,57,279,91,Sold,,,http://www.redfin.com/WA/Bothell/22264-9th-Ave-SE-98021/unit-6-S/home/147116350,NWMLS,1363189,N,Y,47.7955799,-122.2220674
PAST SALE,September-11-2018,Townhouse,17532 14th Ave SE,Bothell,WA,98012,539950,3,2.5,Bothell,2229,4000,2006,137,242,19,Sold,,,http://www.redfin.com/WA/Bothell/17532-14th-Ave-SE-98012/unit-4/home/2913579,NWMLS,1325592,N,Y,47.8384197,-122.2135296
PAST SALE,September-20-2018,Single Family Residential,16114 121st Ave NE,Bothell,WA,98011,650000,4,2.5,Woodinville,2360,7200,1977,128,275,,Sold,,,http://www.redfin.com/WA/Bothell/16114-121st-Ave-NE-98011/home/455764,NWMLS,1258035,N,Y,47.7450185,-122.1794399
PAST SALE,November-2-2018,Single Family Residential,15023 Simonds Rd NE,Kenmore,WA,98028,550000,3,1.75,Finn Hill,1490,11456,1960,85,369,,Sold,,,http://www.redfin.com/WA/Bothell/15023-Simonds-Rd-NE-98028/home/278875,NWMLS,1363816,N,Y,47.7374435,-122.2220864
PAST SALE,December-10-2018,Condo/Co-op,17426 Bothell Wy NE Unit A408,Bothell,WA,98011,385000,2,1.75,Bothell,1464,,1999,47,263,565,Sold,,,http://www.redfin.com/WA/Bothell/17426-Bothell-Way-NE-98011/unit-A408/home/63939,NWMLS,1382290,N,Y,47.754585,-122.211544
PAST SALE,December-11-2018,Single Family Residential,20003 94th Dr NE,Bothell,WA,98011,735000,5,3.25,Canyon Park,3398,270885,2014,46,216,54,Sold,,,http://www.redfin.com/WA/Bothell/20003-94th-Dr-NE-98011/home/51691655,NWMLS,1379854,N,Y,47.7730624,-122.2150921
PAST SALE,December-11-2018,Single Family Residential,22204 7th Place W,Bothell,WA,98021,564250,4,2.5,Queensborough,2628,8276,1974,46,215,,Sold,,,http://www.redfin.com/WA/Bothell/22204-7th-Pl-W-98021/home/2771127,NWMLS,1356201,N,Y,47.7968321,-122.2435478
PAST SALE,December-12-2018,Single Family Residential,23528 22nd Ave SE,Bothell,WA,98021,625000,3,2.5,Canyon Park,2124,8712,1984,45,294,,Sold,,,http://www.redfin.com/WA/Bothell/23528-22nd-Ave-SE-98021/home/2804300,NWMLS,1352590,N,Y,47.7846116,-122.20306
PAST SALE,December-10-2018,Single Family Residential,20303 85th Place NE #23,Bothell,WA,98011,774995,4,2.5,Bothell,2297,3841,2018,47,337,110,Sold,,,http://www.redfin.com/WA/Bothell/20303-85th-Pl-NE-98011/unit-23/home/146543609,NWMLS,1344016,N,Y,47.757593,-122.226494
PAST SALE,December-14-2018,Single Family Residential,3324 238th Place SE,Bothell,WA,98021,880000,4,2.5,North Creek,2758,5533,2018,43,319,154,Sold,,,http://www.redfin.com/WA/Bothell/3324-238th-Pl-SE-98021/home/146445330,NWMLS,1339246,N,Y,47.781892,-122.187474
PAST SALE,December-21-2018,Single Family Residential,122 236th Place SE #8,Bothell,WA,98021,1004490,5,3.25,Bothell,3355,10120,2018,36,299,115,Sold,,,http://www.redfin.com/WA/Bothell/122-236th-Pl-SW-98021/unit-8/home/145779273,NWMLS,1298428,N,Y,47.7835002,-122.23517
PAST SALE,December-21-2018,Single Family Residential,422 216th St SW,Bothell,WA,98021,425000,3,1.0,Hilltop,1268,6534,1976,36,335,,Sold,,,http://www.redfin.com/WA/Bothell/422-216th-St-SW-98021/home/2743781,NWMLS,1387250,N,Y,47.8020962,-122.239363
PAST SALE,December-24-2018,Mobile/Manufactured Home,20701 31st Dr SE,Bothell,WA,98012,195000,2,1.75,Canyon Park,1440,10019,1973,33,135,150,Sold,,,http://www.redfin.com/WA/Bothell/20701-31st-Dr-SE-98012/home/2660896,NWMLS,1385640,N,Y,47.8100075,-122.190747
PAST SALE,November-9-2018,Mobile/Manufactured Home,3312 206th Place SE,Bothell,WA,98012,195000,2,1.75,Canyon Park,1344,6098,1975,78,145,150,Sold,,,http://www.redfin.com/WA/Bothell/3312-206th-Pl-SE-98012/home/2660887,NWMLS,1361869,N,Y,47.8103783,-122.1884666
PAST SALE,November-16-2018,Townhouse,16230 3rd Ave SE Unit C1,Bothell,WA,98012,378000,3,2.5,Mill Creek,1683,23704,2001,71,225,400,Sold,,,http://www.redfin.com/WA/Bothell/16230-3rd-Ave-SE-98012/unit-C1/home/2892865,NWMLS,1369940,N,Y,47.8498841,-122.2281861
PAST SALE,December-17-2018,Single Family Residential,20214 103rd Place NE,Bothell,WA,98011,565000,3,2.25,Bothell,1576,12394,1974,40,359,,Sold,,,http://www.redfin.com/WA/Bothell/20214-103rd-Pl-NE-98011/home/285469,NWMLS,1379514,N,Y,47.7756802,-122.2030091
PAST SALE,September-19-2018,Condo/Co-op,9627 NE 182nd Place #29,Bothell,WA,98011,767622,4,3.25,Downtown Bothell,2048,,2017,129,375,137,Sold,,,http://www.redfin.com/WA/Bothell/9627-NE-182nd-Pl-98011/unit-29/home/144535613,NWMLS,1227648,N,Y,47.7600826,-122.1678955
PAST SALE,October-30-2018,Single Family Residential,19225 26th Ave SE,Bothell,WA,98012,510500,3,2.5,Kennard Corner,1805,3000,2006,88,283,42,Sold,,,http://www.redfin.com/WA/Bothell/19225-26th-Ave-SE-98012/unit-A103/home/2909160,NWMLS,1344131,N,Y,47.8230296,-122.197394
PAST SALE,November-15-2018,Single Family Residential,3018 183rd Place SE,Bothell,WA,98012,550000,3,2.5,Mill Creek,1592,3049,2011,72,345,55,Sold,,,http://www.redfin.com/WA/Bothell/3018-183rd-Pl-SE-98012/home/39866442,NWMLS,1365725,N,Y,47.8310087,-122.1918031
PAST SALE,October-9-2018,Single Family Residential,9920 NE 202nd St,Bothell,WA,98011,535000,4,2.0,Bothell,1340,11141,1948,109,399,,Sold,,,http://www.redfin.com/WA/Bothell/9920-NE-202nd-St-98011/home/285812,NWMLS,1359183,N,Y,47.775343,-122.2077809
PAST SALE,August-1-2018,Mobile/Manufactured Home,19257 Hollyhills Dr NE,Bothell,WA,98011,300000,4,2.0,Holly Hills,1568,4969,2000,178,191,25,Sold,,,http://www.redfin.com/WA/Bothell/19257-Hollyhills-Dr-NE-98011/home/55553137,NWMLS,1325667,N,Y,47.7671909,-122.1706702
PAST SALE,August-6-2018,Single Family Residential,18419 129th Lane NE,Bothell,WA,98011,770000,3,2.5,Bothell,2130,10460,1981,173,362,,Sold,,,http://www.redfin.com/WA/Bothell/18419-129th-Ln-NE-98011/home/287366,NWMLS,1312996,N,Y,47.761269,-122.1671182
PAST SALE,August-28-2018,Single Family Residential,9719 NE 204th Place,Bothell,WA,98011,560000,4,2.25,Downtown Bothell,1720,7500,1977,151,326,,Sold,,,http://www.redfin.com/WA/Bothell/9719-NE-204th-Pl-98011/home/286161,NWMLS,1321232,N,Y,47.7759374,-122.2105388
PAST SALE,August-31-2018,Single Family Residential,23714 43rd Dr SE #233,Bothell,WA,98021,799950,5,3.25,Bothell,3222,3253,2018,148,248,71,Sold,,,http://www.redfin.com/WA/Bothell/23714-43rd-Dr-SE-98021/unit-233/home/145141510,NWMLS,1259816,N,Y,47.7886835,-122.175177
PAST SALE,August-31-2018,Single Family Residential,15431 40th Dr SE,Bothell,WA,98012,445000,3,2.5,Mill Creek,1728,3920,2005,148,258,32,Sold,,,http://www.redfin.com/WA/Bothell/15431-40th-Dr-SE-98012/home/2910876,NWMLS,1310006,N,Y,47.8573502,-122.1781998
PAST SALE,September-17-2018,Single Family Residential,18218 28th Dr SE #37,Bothell,WA,98012,590000,3,2.5,Bothell,1881,5000,2002,131,314,,Sold,,,http://www.redfin.com/WA/Bothell/18218-28th-Dr-SE-98012/unit-37/home/2895105,NWMLS,1363762,N,Y,47.8321464,-122.1950271
PAST SALE,October-11-2018,Single Family Residential,19714 89th Place NE,Bothell,WA,98011,788500,4,2.5,Bothell,2390,7796,1993,107,330,25,Sold,,,http://www.redfin.com/WA/Bothell/19714-89th-Pl-NE-98011/home/283309,NWMLS,1345095,N,Y,47.7713172,-122.2210304
PAST SALE,November-29-2018,Single Family Residential,4414 235th Place SE #255,Bothell,WA,98021,791000,4,2.75,Bothell,2494,3400,2018,58,317,71,Sold,,,http://www.redfin.com/WA/Bothell/4414-235th-Pl-SE-98021/unit-255/home/145875038,NWMLS,1301206,N,Y,47.7853791,-122.2029648
PAST SALE,October-31-2018,Single Family Residential,23222 44th Dr SE #10,Bothell,WA,98021,806450,4,2.75,Bothell,2494,3387,2018,87,323,64,Sold,,,http://www.redfin.com/WA/Bothell/23222-44th-Dr-SE-98021/unit-10/home/145926444,NWMLS,1303811,N,Y,47.7885592,-122.1739412
PAST SALE,November-1-2018,Single Family Residential,4307 Lot 10 223RD PL SE,Bothell,WA,98021,809595,3,3.0,Canyon Park,2256,4952,2018,86,359,102,Sold,,,http://www.redfin.com/WA/Bothell/4307-Lot-10-223rd-Pl-SE-98021/home/144675130,NWMLS,1232319,N,Y,47.794756,-122.173075
PAST SALE,November-16-2018,Single Family Residential,3806 186th Place SE,Bothell,WA,98012,925000,5,3.25,Bothell,3924,6098,2005,71,236,30,Sold,,,http://www.redfin.com/WA/Bothell/3806-186th-Pl-SE-98012/home/2916592,NWMLS,1372024,N,Y,47.828013,-122.1816201
PAST SALE,November-7-2018,Single Family Residential,18820 10th Dr SE Lot 5,Bothell,WA,98012,850000,4,2.75,Canyon Park,3000,13556,2017,80,283,,Sold,,,http://www.redfin.com/WA/Bothell/18820-10th-Dr-SE-98012/unit-5/home/145282126,NWMLS,1364464,N,Y,47.8270872,-122.2187069
PAST SALE,November-2-2018,Single Family Residential,3323 219th Place SE #31,Bothell,WA,98021,1192775,5,3.5,Canyon Park,4236,9712,2017,85,282,90,Sold,,,http://www.redfin.com/WA/Bothell/3323-219th-Pl-SE-98021/unit-31/home/143311809,NWMLS,1179664,N,Y,47.7985962,-122.18279
PAST SALE,November-21-2018,Single Family Residential,17417 Woodland Dr,Bothell,WA,98012,458500,4,2.25,Mays Pond,1962,7405,1976,66,234,28,Sold,,,http://www.redfin.com/WA/Bothell/17417-Woodland-Dr-98012/home/2773946,NWMLS,1367585,N,Y,47.8395243,-122.2028774
PAST SALE,November-20-2018,Single Family Residential,16025 35th Dr SE,Bothell,WA,98012,580000,4,2.5,Mill Creek,2191,3485,2006,67,265,51,Sold,,,http://www.redfin.com/WA/Bothell/16025-35th-Dr-SE-98012/home/17086976,NWMLS,1360522,N,Y,47.851945,-122.185771
PAST SALE,August-29-2018,Townhouse,10719 Ross Rd Unit A,Bothell,WA,98011,680000,4,2.5,Bothell,2325,71371,2010,150,292,295,Sold,,,http://www.redfin.com/WA/Bothell/10719-Ross-Rd-98011/unit-A/home/25674684,NWMLS,1357190,N,Y,47.7628754,-122.1972861
PAST SALE,October-5-2018,Single Family Residential,19830 3rd Dr SE,Bothell,WA,98012,550000,3,2.5,Bothell,1826,9583,1985,113,301,,Sold,,,http://www.redfin.com/WA/Bothell/19830-3rd-Dr-SE-98012/home/2805229,NWMLS,1300320,N,Y,47.8173494,-122.2271584
PAST SALE,October-17-2018,Single Family Residential,204 200th Place SE,Bothell,WA,98012,505000,3,2.0,Bothell,1556,9583,1987,101,325,,Sold,,,http://www.redfin.com/WA/Bothell/204-200th-Pl-SE-98012/home/2806492,NWMLS,1347338,N,Y,47.8157488,-122.2287007
PAST SALE,December-10-2018,Single Family Residential,16332 1st Place W,Bothell,WA,98012,488000,4,2.5,Martha Lake,2092,3868,2007,47,233,80,Sold,,,http://www.redfin.com/WA/Bothell/16332-1st-Pl-W-98012/unit-1/home/11884056,NWMLS,1364483,N,Y,47.8496547,-122.234982
PAST SALE,October-31-2018,Single Family Residential,17710 36th Ave SE,Bothell,WA,98012,642500,5,2.5,Bothell,2423,2841,2015,87,265,57,Sold,,,http://www.redfin.com/WA/Bothell/17710-36th-Ave-SE-98012/unit-2048/home/58423097,NWMLS,1341652,N,Y,47.8373785,-122.1846525
PAST SALE,October-24-2018,Townhouse,1325 Seattle Hill Rd Unit H2,Bothell,WA,98012,500000,2,2.25,Mill Creek,1559,1170,2018,94,321,130,Sold,,,http://www.redfin.com/WA/Bothell/1325-Seattle-Hill-Rd-98012/unit-H2/home/145257701,NWMLS,1344358,N,Y,47.8450585,-122.2147021
PAST SALE,September-18-2018,Single Family Residential,19217 14th Ave SE #20,Bothell,WA,98012,684995,4,2.5,Bothell,2653,3752,2018,130,258,125,Sold,,,http://www.redfin.com/WA/Bothell/19217-14th-Ave-SE-98012/unit-20/home/146077669,NWMLS,1314301,N,Y,47.8386004,-122.2136355
PAST SALE,October-25-2018,Single Family Residential,130 178th St SE,Bothell,WA,98012,759950,5,3.5,Bothell,2322,4184,2018,93,327,128,Sold,,,http://www.redfin.com/WA/Bothell/130-178th-St-SE-98012/home/145574858,NWMLS,1387536,N,Y,47.8367,-122.229
PAST SALE,December-20-2018,Single Family Residential,20425 13th Dr SE,Bothell,WA,98012,560000,5,2.5,Thrashers Corner,2340,8712,1977,37,239,,Sold,,,http://www.redfin.com/WA/Bothell/20425-13th-Dr-SE-98012/home/2776423,NWMLS,1356422,N,Y,47.8123157,-122.2143133
PAST SALE,December-7-2018,Single Family Residential,18708 2nd Dr SE,Bothell,WA,98012,629000,4,2.75,North Creek,2892,22651,1979,50,217,,Sold,,,http://www.redfin.com/WA/Bothell/18708-2nd-Dr-SE-98012/home/2647935,NWMLS,1343524,N,Y,47.8280933,-122.2278274
PAST SALE,December-4-2018,Single Family Residential,19012 103rd Ave NE,Bothell,WA,98011,485000,2,1.0,Downtown Bothell,720,10000,1951,53,674,,Sold,,,http://www.redfin.com/WA/Bothell/19012-103rd-Ave-NE-98011/home/286429,NWMLS,1366162,N,Y,47.7659831,-122.2030449
PAST SALE,August-8-2018,Single Family Residential,17010 105th Ave NE,Bothell,WA,98011,975000,4,2.5,Norway Hill,2910,18404,1990,171,335,100,Sold,,,http://www.redfin.com/WA/Bothell/17010-105th-Ave-NE-98011/home/284915,NWMLS,1325955,N,Y,47.7511022,-122.2010835
PAST SALE,December-5-2018,Single Family Residential,19061 86th Ave NE,Bothell,WA,98011,440000,3,1.0,Bothell,1210,9473,1968,52,364,,Sold,,,http://www.redfin.com/WA/Bothell/19061-86th-Ave-NE-98011/home/283251,NWMLS,1349540,N,Y,47.767806,-122.2257943
PAST SALE,October-1-2018,Townhouse,12118 NE 171 Place Unit E 204,Bothell,WA,98011,474900,2,2.5,Bothell,1346,,1995,117,353,434,Sold,,,http://www.redfin.com/WA/Bothell/12118-NE-171st-Pl-98011/unit-E204/home/15666,NWMLS,1344895,N,Y,47.7521099,-122.1787189
PAST SALE,October-4-2018,Single Family Residential,3311 238th Place SE,Bothell,WA,98021,984995,5,3.0,North Creek,2841,6061,2018,114,347,154,Sold,,,http://www.redfin.com/WA/Bothell/3311-238th-Pl-SE-98021/home/146445363,NWMLS,1339251,N,Y,47.7810487,-122.1979821
PAST SALE,October-4-2018,Single Family Residential,19633 109th Place NE,Bothell,WA,98011,790000,4,2.5,Maywood Hills,2730,7700,1996,114,289,33,Sold,,,http://www.redfin.com/WA/Bothell/19633-109th-Pl-NE-98011/home/286968,NWMLS,1302570,N,Y,47.7711093,-122.1959628
PAST SALE,December-12-2018,Condo/Co-op,9631 NE 183rd St #39,Bothell,WA,98011,831252,4,3.25,Downtown Bothell,2048,,2017,45,406,137,Sold,,,http://www.redfin.com/WA/Bothell/9631-NE-183rd-Ct-98011/unit-39/home/145238420,NWMLS,1264542,N,Y,47.7607062,-122.1962065
PAST SALE,September-10-2018,Single Family Residential,16628 41st Ave SE,Bothell,WA,98012,709000,4,2.5,Mill Creek,2679,5227,2006,138,265,,Sold,,,http://www.redfin.com/WA/Bothell/16628-41st-Ave-SE-98012/home/11880344,NWMLS,1339371,N,Y,47.8464327,-122.1780767
PAST SALE,September-19-2018,Single Family Residential,17005 40th Dr SE,Bothell,WA,98012,750000,4,2.5,North Creek,2583,3485,2014,129,290,49,Sold,,,http://www.redfin.com/WA/Bothell/17005-40th-Dr-SE-98012/home/55093261,NWMLS,1339236,N,Y,47.8433177,-122.1771861
PAST SALE,October-5-2018,Single Family Residential,17303 42nd Dr SE,Bothell,WA,98012,699000,4,2.5,North Creek,2501,4356,2015,113,279,37,Sold,,,http://www.redfin.com/WA/Bothell/17303-42nd-Dr-SE-98012/home/109592895,NWMLS,1341193,N,Y,47.8407062,-122.1755876
PAST SALE,October-17-2018,Single Family Residential,21829 1st Ave W,Bothell,WA,98021,535000,3,2.25,Queensborough,1628,7841,1969,101,329,,Sold,,,http://www.redfin.com/WA/Bothell/21829-1st-Ave-W-98021/home/2734941,NWMLS,1360888,N,Y,47.7992903,-122.2337995
PAST SALE,November-9-2018,Townhouse,424 214th St SW Unit 24C,Bothell,WA,98021,215000,2,1.0,Queensborough,877,,1971,78,245,332,Sold,,,http://www.redfin.com/WA/Bothell/424-214th-St-SW-98021/unit-24C/home/2696090,NWMLS,1331804,N,Y,47.8036196,-122.2394348
PAST SALE,September-13-2018,Single Family Residential,17004 4th Ave SE,Bothell,WA,98012,610000,4,2.5,Mill Creek,2368,4792,2003,135,258,,Sold,,,http://www.redfin.com/WA/Bothell/17004-4th-Ave-SE-98012/home/2898714,NWMLS,1323863,N,Y,47.8436124,-122.2264319
PAST SALE,November-15-2018,Condo/Co-op,3914 243rd Place SE Unit L203,Bothell,WA,98021,239000,1,1.0,Bothell,739,701709,1997,72,323,318,Sold,,,http://www.redfin.com/WA/Bothell/3914-243rd-Pl-SE-98021/unit-L203/home/11885360,NWMLS,1371563,N,Y,47.7771979,-122.1774966
PAST SALE,September-12-2018,Single Family Residential,1505 231st St SW,Bothell,WA,98021,487500,2,1.0,Bothell,588,10019,2017,136,829,,Sold,,,http://www.redfin.com/WA/Bothell/1505-231st-St-SW-98021/home/11883062,NWMLS,1324071,N,Y,47.7897237,-122.2533676
PAST SALE,October-22-2018,Single Family Residential,22612 16th Ave W,Bothell,WA,98021,1120000,4,2.5,Bothell,3646,23958,2010,96,307,42,Sold,,,http://www.redfin.com/WA/Bothell/22612-16th-Ave-W-98021/home/28556497,NWMLS,1334410,N,Y,47.793209,-122.254497
PAST SALE,September-7-2018,Single Family Residential,3708 224th St SE,Bothell,WA,98021,723000,3,2.5,Bothell,2023,3920,2009,141,357,40,Sold,,,http://www.redfin.com/WA/Bothell/3708-224th-St-SE-98021/home/28481290,NWMLS,1341766,N,Y,47.7940267,-122.1834871
PAST SALE,July-31-2018,Single Family Residential,3518 232nd St SE,Bothell,WA,98021,720000,3,2.5,Bothell,2110,3049,2009,179,341,50,Sold,,,http://www.redfin.com/WA/Bothell/3518-232nd-St-SE-98021/home/28640962,NWMLS,1309661,N,Y,47.7876189,-122.1855858
PAST SALE,September-13-2018,Single Family Residential,21805 32nd Ave SE,Bothell,WA,98021,975000,5,2.5,Canyon Park,3270,10890,2009,135,298,25,Sold,,,http://www.redfin.com/WA/Bothell/21805-32nd-Ave-SE-98021/home/21939545,NWMLS,1344836,N,Y,47.799935,-122.1894284
PAST SALE,October-19-2018,Condo/Co-op,12006 NE 204th Place Unit B-102,Bothell,WA,98011,300000,2,2.0,Bothell,983,,1997,99,305,423,Sold,,,http://www.redfin.com/WA/Bothell/12006-NE-204th-Pl-98011/unit-B102/home/22937291,NWMLS,1339596,N,Y,47.7771979,-122.1774966
PAST SALE,September-25-2018,Single Family Residential,22276 9th Ct SE Unit 11-S,Bothell,WA,98021,804950,5,2.75,Canyon Park,3044,3429,2018,123,264,91,Sold,,,http://www.redfin.com/WA/Bothell/22276-11th-Ct-SE-98021/unit-11-S/home/146122692,NWMLS,1299556,N,Y,47.8022209,-122.2165811
PAST SALE,October-15-2018,Single Family Residential,22275 9th Ct SE Unit 15-S,Bothell,WA,98021,799950,5,2.75,Canyon Park,3044,3200,2018,103,263,91,Sold,,,http://www.redfin.com/WA/Bothell/22275-9th-Ave-SE-98021/unit-15-S/home/146260609,NWMLS,1334623,N,Y,47.7957078,-122.2199158
PAST SALE,August-20-2018,Townhouse,21006 42nd Ave SE Unit A,Bothell,WA,98021,531000,3,2.25,Bothell,1592,5352,2009,159,334,208,Sold,,,http://www.redfin.com/WA/Bothell/21006-42nd-Ave-SE-98021/unit-A/home/146213794,NWMLS,1326663,N,Y,47.8069879,-122.1772154
PAST SALE,September-10-2018,Condo/Co-op,22252 9th Lane SE Unit 3-S,Bothell,WA,98021,773380,4,3.25,Canyon Park,2301,5127,2018,138,336,91,Sold,,,http://www.redfin.com/WA/Bothell/22252-9th-Ave-SE-98021/unit-3-S/home/146021290,NWMLS,1306783,N,Y,47.7956938,-122.2220673
PAST SALE,August-27-2018,Single Family Residential,21824 33rd Dr SE #5,Bothell,WA,98021,1062940,4,3.25,Canyon Park,3777,9601,2017,152,281,80,Sold,,,http://www.redfin.com/WA/Bothell/21824-33rd-Dr-SE-98021/unit-5/home/141364239,NWMLS,1157905,N,Y,47.8055965,-122.1882958
PAST SALE,August-7-2018,Single Family Residential,22629 4th Ave SE,Bothell,WA,98021,575000,3,2.5,Canyon Park,1822,13504,1989,172,316,,Sold,,,http://www.redfin.com/WA/Bothell/22629-4th-Ave-SE-98021/home/2769624,NWMLS,1303559,N,Y,47.7922503,-122.2259953
PAST SALE,July-31-2018,Single Family Residential,226 234th St SW,Bothell,WA,98021,475000,4,1.5,Canyon Park,1440,8276,1962,179,330,,Sold,,,http://www.redfin.com/WA/Bothell/226-234th-St-SW-98021/home/2733611,NWMLS,1306772,N,Y,47.7859562,-122.2367518
PAST SALE,August-24-2018,Townhouse,22727 4th Ave W #102,Bothell,WA,98021,300000,2,1.75,Queensborough,932,,1993,155,322,327,Sold,,,http://www.redfin.com/WA/Bothell/22727-4th-Ave-W-98021/unit-102/home/2838796,NWMLS,1310322,N,Y,47.792461,-122.2375559
PAST SALE,September-28-2018,Single Family Residential,23327 12th Place W,Bothell,WA,98021,519990,3,2.0,Bothell,1592,6970,1985,120,327,,Sold,,,http://www.redfin.com/WA/Bothell/23327-12th-Pl-W-98021/home/2806169,NWMLS,1355612,N,Y,47.7861473,-122.249409
PAST SALE,September-10-2018,Single Family Residential,22010 Meridian Ave S,Bothell,WA,98021,670000,4,2.75,Queensborough,2148,7388,1975,138,312,,Sold,,,http://www.redfin.com/WA/Bothell/22010-Meridian-Ave-S-98021/home/2772076,NWMLS,1324165,N,Y,47.7983079,-122.2333726
PAST SALE,October-1-2018,Single Family Residential,23713 3rd (Lot 2) Ave SE,Bothell,WA,98021,1349900,5,4.0,Canyon Park,4358,9880,2017,117,310,92,Sold,,,http://www.redfin.com/WA/Bothell/23713-2nd-Ave-SE-98021/home/144030775,NWMLS,1205186,N,Y,47.782367,-122.227448
PAST SALE,October-31-2018,Single Family Residential,6801 NE 204th St,Kenmore,WA,98028,580000,3,1.75,Kenmore,1560,8456,1970,87,372,,Sold,,,http://www.redfin.com/WA/Kenmore/6801-NE-204th-St-98028/home/282853,NWMLS,1363220,N,Y,47.776945,-122.249809
PAST SALE,November-27-2018,Single Family Residential,20411 28th Ave SE,Bothell,WA,98012,690000,4,2.5,Canyon Park,2344,8276,1996,60,294,30,Sold,,,http://www.redfin.com/WA/Bothell/20411-28th-Ave-SE-98012/home/2846327,NWMLS,1355682,N,Y,47.8128981,-122.1950543
PAST SALE,August-27-2018,Single Family Residential,19219 51st Ave SE,Bothell,WA,98012,984950,4,2.75,Clearview,3500,103673,1990,152,281,,Sold,,,http://www.redfin.com/WA/Bothell/19219-51st-Ave-SE-98012/home/2529412,NWMLS,1320260,N,Y,47.82293,-122.1621895
PAST SALE,September-14-2018,Single Family Residential,3024 182nd Place SE,Bothell,WA,98012,685000,4,2.5,Bothell,2347,3400,2010,134,292,55,Sold,,,http://www.redfin.com/WA/Bothell/3024-182nd-Pl-SE-98012/home/39951728,NWMLS,1334836,N,Y,47.8322448,-122.1912851
PAST SALE,October-11-2018,Single Family Residential,23604 Meridian Place W,Bothell,WA,98021,620000,3,2.5,Bothell,1840,8712,1985,107,337,,Sold,,,http://www.redfin.com/WA/Bothell/23604-Meridian-Pl-W-98021/home/2807006,NWMLS,1352376,N,Y,47.7834911,-122.2340741
PAST SALE,July-30-2018,Single Family Residential,14 236th Place SE #2,Bothell,WA,98021,1096625,5,3.5,Bothell,3355,9672,2018,180,327,,Sold,,,http://www.redfin.com/WA/Bothell/14-236th-St-SE-98021/unit-2/home/145593885,NWMLS,1288532,N,Y,47.7841307,-122.2328678
PAST SALE,October-29-2018,Single Family Residential,3500 Seattle Hill Rd Unit B,Mill Creek,WA,98012,395000,2,2.5,Mill Creek,1510,4192,1998,89,262,50,Sold,,,http://www.redfin.com/WA/Mill-Creek/3500-Seattle-Hill-Rd-98012/unit-B/home/2910139,NWMLS,1353581,N,Y,47.860131,-122.185496
PAST SALE,November-21-2018,Single Family Residential,16408 35th Dr SE,Bothell,WA,98012,450000,3,2.75,Mill Creek,1606,1880,2008,66,280,100,Sold,,,http://www.redfin.com/WA/Bothell/16408-35th-Dr-SE-98012/home/21499793,NWMLS,1377060,N,Y,47.848716,-122.185055
PAST SALE,November-6-2018,Single Family Residential,3411 164th Place SE,Bothell,WA,98012,469000,3,2.5,Mill Creek,1682,2099,2012,81,279,100,Sold,,,http://www.redfin.com/WA/Mill-Creek/3411-164th-Pl-SE-98012/home/40431564,NWMLS,1359368,N,Y,47.8480773,-122.1859188
PAST SALE,September-25-2018,Condo/Co-op,3423 164th Place SE,Bothell,WA,98012,440000,3,2.5,Bothell,1682,2109,2012,123,262,100,Sold,,,http://www.redfin.com/WA/Bothell/3423-164th-Pl-SE-98012/unit-6/home/45390309,NWMLS,1346923,N,Y,47.84853,-122.186173
PAST SALE,October-22-2018,Single Family Residential,11136 NE 160th Place,Bothell,WA,98011,980000,4,2.25,Bothell,3210,15876,1993,96,305,,Sold,,,http://www.redfin.com/WA/Bothell/11136-NE-160th-Pl-98011/home/284062,NWMLS,1367997,N,Y,47.7446059,-122.1929391
PAST SALE,September-24-2018,Single Family Residential,1222 198th Place SE Lot 69,Bothell,WA,98012,779995,4,2.5,Thrashers Corner,2606,5117,2018,124,299,81,Sold,,,http://www.redfin.com/WA/Bothell/1222-198th-Pl-SE-98012/unit-69/home/145926446,NWMLS,1303167,N,Y,47.8178936,-122.2206202
PAST SALE,December-3-2018,Condo/Co-op,15300 112th Ave NE Unit C205,Bothell,WA,98011,395000,3,1.75,Bothell,1199,,1999,54,329,395,Sold,,,http://www.redfin.com/WA/Bothell/15300-112th-Ave-NE-98011/unit-C205/home/2117230,NWMLS,1363913,N,Y,47.7394231,-122.1907686
PAST SALE,November-30-2018,Single Family Residential,10819 NE 154th Place,Bothell,WA,98011,650000,4,2.5,Norway Hill,1740,7874,1976,57,374,,Sold,,,http://www.redfin.com/WA/Bothell/10819-NE-154th-Pl-98011/home/457983,NWMLS,1376401,N,Y,47.7394412,-122.1964217
PAST SALE,December-3-2018,Single Family Residential,11301 NE 147th St,Kirkland,WA,98034,750000,4,1.75,Norway Hill,1736,7828,1967,54,432,,Sold,,,http://www.redfin.com/WA/Kirkland/11301-NE-147th-St-98034/home/457997,NWMLS,1374200,N,Y,47.7343007,-122.190661
PAST SALE,August-1-2018,Townhouse,16125 Juanita Woodinville Wy NE #2004,Bothell,WA,98011,362500,2,2.25,Bothell,1177,479497,1999,178,308,368,Sold,,,http://www.redfin.com/WA/Bothell/16125-Juanita-Woodinville-Way-NE-98011/unit-2004/home/36597,NWMLS,1319029,N,Y,47.7461684,-122.1851573
PAST SALE,August-3-2018,Condo/Co-op,15700 116th Ave NE #305,Bothell,WA,98011,440000,2,2.0,Bothell,1096,,2007,176,401,331,Sold,,,http://www.redfin.com/WA/Bothell/15700-116th-Ave-NE-98011/unit-305/home/12537612,NWMLS,1319119,N,Y,47.7417104,-122.1853146
PAST SALE,July-31-2018,Condo/Co-op,10824 NE 147th Lane Unit K102,Bothell,WA,98011,244000,1,1.0,Juanita,626,374551,1982,179,390,250,Sold,,,http://www.redfin.com/WA/Bothell/10824-NE-147th-Ln-98011/unit-K102/home/12305841,NWMLS,1322719,N,Y,47.734801,-122.1960243
PAST SALE,November-30-2018,Condo/Co-op,10834 NE 148th Lane Unit C-4,Bothell,WA,98011,326000,2,1.0,Juanita,999,374551,1982,57,326,399,Sold,,,http://www.redfin.com/WA/Bothell/10834-NE-148th-Ln-98011/unit-C4/home/2078134,NWMLS,1376372,N,Y,47.7353434,-122.1946028
PAST SALE,August-28-2018,Single Family Residential,11123 NE 162nd St,Bothell,WA,98011,813000,3,2.5,Norway Hill,3130,5587,2006,151,260,54,Sold,,,http://www.redfin.com/WA/Bothell/11123-NE-162nd-St-98011/home/8187308,NWMLS,1334436,N,Y,47.7455771,-122.1939451
PAST SALE,July-31-2018,Single Family Residential,15108 111th Ave NE,Bothell,WA,98011,504000,3,2.0,Juanita,1680,9039,1976,179,300,,Sold,,,http://www.redfin.com/WA/Bothell/15108-111th-Ave-NE-98011/home/457403,NWMLS,1285072,N,Y,47.7375098,-122.1920496
PAST SALE,September-28-2018,Townhouse,16315 118th Lane NE,Bothell,WA,98011,408000,2,2.5,Bothell,1129,,1998,120,361,439,Sold,,,http://www.redfin.com/WA/Bothell/16315-118th-Ln-NE-98011/home/6888,NWMLS,1345905,N,Y,47.7462989,-122.1835587
PAST SALE,January-1-2019,Single Family Residential,16420 31st Dr SE,Bothell,WA,98012,500000,4,2.0,Bothell,1751,7405,1982,25,286,,Sold,,,http://www.redfin.com/WA/Bothell/16420-31st-Dr-SE-98012/home/2797104,NWMLS,1373482,N,Y,47.8486431,-122.1909128
PAST SALE,January-22-2019,Condo/Co-op,14915 38th Dr SE #2028,Bothell,WA,98012,325000,2,1.75,Mill Creek,1410,399159,2007,4,230,300,Sold,,,http://www.redfin.com/WA/Bothell/14915-38th-Dr-SE-98012/unit-2028/home/12402858,NWMLS,1384802,N,Y,47.8625823,-122.1801939
PAST SALE,December-10-2018,Single Family Residential,18317 8th Dr SE,Bothell,WA,98012,530000,3,2.5,North Creek,1846,4000,2004,47,287,45,Sold,,,http://www.redfin.com/WA/Bothell/18317-8th-Dr-SE-98012/unit-32/home/2910591,NWMLS,1365650,N,Y,47.8314888,-122.2201513
PAST SALE,September-25-2018,Single Family Residential,3106 178th St SE,Bothell,WA,98012,770000,4,2.75,Bothell,2829,10019,2001,123,272,25,Sold,,,http://www.redfin.com/WA/Bothell/3106-178th-St-SE-98012/home/2882676,NWMLS,1320311,N,Y,47.8359182,-122.1908022
PAST SALE,October-12-2018,Single Family Residential,17323 18th Ave SE,Bothell,WA,98012,505000,3,2.25,Mays Pond,1666,6970,1988,106,303,,Sold,,,http://www.redfin.com/WA/Bothell/17323-18th-Ave-SE-98012/home/2806735,NWMLS,1310171,N,Y,47.8399906,-122.2075587
PAST SALE,September-13-2018,Single Family Residential,17607 26th Dr SE,Bothell,WA,98012,485000,4,2.5,Bothell,2012,8276,1979,135,241,,Sold,,,http://www.redfin.com/WA/Bothell/17607-26th-Dr-SE-98012/home/2784928,NWMLS,1327158,N,Y,47.8378117,-122.1975114
PAST SALE,October-31-2018,Single Family Residential,16706 22nd Ave SE,Bothell,WA,98012,540000,4,2.5,Mays Pond,2750,15682,1979,87,196,,Sold,,,http://www.redfin.com/WA/Bothell/16706-22nd-Ave-SE-98012/home/2779732,NWMLS,1347119,N,Y,47.8464642,-122.2036282
PAST SALE,December-7-2018,Single Family Residential,2600 168th St SE,Bothell,WA,98012,440000,3,2.5,Mays Pond,1712,8712,1977,50,257,,Sold,,,http://www.redfin.com/WA/Bothell/2600-168th-St-SE-98012/home/2775382,NWMLS,1335927,N,Y,47.8454184,-122.1979153
PAST SALE,September-13-2018,Single Family Residential,2008 173rd St SE,Bothell,WA,98012,450000,3,2.25,Mays Pond,1636,7405,1977,135,275,26,Sold,,,http://www.redfin.com/WA/Bothell/2008-173rd-St-SE-98012/home/2774616,NWMLS,1334862,N,Y,47.8403594,-122.2054221
PAST SALE,September-5-2018,Single Family Residential,17501 Woodland Dr SE,Bothell,WA,98012,599900,4,2.75,Mays Pond,1624,7405,1977,143,369,,Sold,,,http://www.redfin.com/WA/Bothell/17501-Woodland-Dr-98012/home/2773941,NWMLS,1338769,N,Y,47.8390753,-122.2033503
PAST SALE,November-8-2018,Townhouse,17314 13th Ave SE,Bothell,WA,98012,504500,4,2.5,Mill Creek,2077,5255,2007,79,243,31,Sold,,,http://www.redfin.com/WA/Mill-Creek/17314-13th-Ave-SE-98012/home/11884184,NWMLS,1377393,N,Y,47.840613,-122.2148937
PAST SALE,November-19-2018,Single Family Residential,3221 170th Place SE,Bothell,WA,98012,725000,4,2.5,Bothell,2565,4792,2015,68,283,55,Sold,,,http://www.redfin.com/WA/Bothell/3221-170th-Pl-SE-98012/home/58776625,NWMLS,1358465,N,Y,47.8433449,-122.1888475
PAST SALE,September-18-2018,Single Family Residential,3414 176th Place SE,Bothell,WA,98012,642000,3,2.5,Mill Creek,2064,3319,2012,130,311,35,Sold,,,http://www.redfin.com/WA/Bothell/3414-176th-Pl-SE-98012/unit-53/home/51566723,NWMLS,1334447,N,Y,47.837727,-122.186297
PAST SALE,November-9-2018,Single Family Residential,19218 14th Ave SE #25,Bothell,WA,98012,674995,5,3.25,Thrashers Corner,2738,3928,2018,78,247,125,Sold,,,http://www.redfin.com/WA/Bothell/19218-14th-Ave-SE-98012/unit-25/home/146365465,NWMLS,1332959,N,Y,47.8386004,-122.2136355
PAST SALE,September-11-2018,Townhouse,1325 Seattle Hill Rd Unit D4,Bothell,WA,98012,601000,3,2.25,Mill Creek,2202,2921,2018,137,273,130,Sold,,,http://www.redfin.com/WA/Bothell/1325-Seattle-Hill-Rd-98012/unit-D4/home/146157519,NWMLS,1319897,N,Y,47.8450585,-122.2147021
PAST SALE,November-19-2018,Townhouse,1325 Seattle Hill Rd Unit F5,Bothell,WA,98012,597320,4,3.5,Mill Creek,2318,2593,2018,68,258,130,Sold,,,http://www.redfin.com/WA/Bothell/1325-Seattle-Hill-Rd-98012/unit-F5/home/146123026,NWMLS,1319957,N,Y,47.8450585,-122.2147021
PAST SALE,September-17-2018,Single Family Residential,19214 14th Ave SE #24,Bothell,WA,98012,684995,4,2.5,Bothell,2653,3603,2018,131,258,125,Sold,,,http://www.redfin.com/WA/Bothell/19214-14th-Ave-SE-98012/unit-24/home/146077570,NWMLS,1314220,N,Y,47.8386004,-122.2136355
PAST SALE,November-28-2018,Townhouse,1325 Seattle Hill Rd Unit F3,Bothell,WA,98012,584900,4,3.5,Mill Creek,2318,2407,2018,59,252,130,Sold,,,http://www.redfin.com/WA/Bothell/1325-Seattle-Hill-Rd-98012/unit-F3/home/145625580,NWMLS,1311963,N,Y,47.8450585,-122.2147021
PAST SALE,October-10-2018,Townhouse,1325 Seattle Hill Rd Unit E3,Bothell,WA,98012,533000,3,3.25,Mill Creek,2027,1219,2018,108,263,130,Sold,,,http://www.redfin.com/WA/Bothell/1325-Seattle-Hill-Rd-98012/unit-E3/home/144800478,NWMLS,1343880,N,Y,47.8450585,-122.2147022
PAST SALE,November-26-2018,Single Family Residential,3815 216th Place SE,Bothell,WA,98021,728000,3,2.5,Canyon Park,2750,4356,2005,61,265,63,Sold,,,http://www.redfin.com/WA/Bothell/3815-216th-Pl-SE-98021/home/2911053,NWMLS,1353792,N,Y,47.801635,-122.1822186
PAST SALE,October-9-2018,Single Family Residential,17023 32nd Ave SE,Bothell,WA,98012,725000,4,2.5,North Bothell,2565,3920,2015,109,283,57,Sold,,,http://www.redfin.com/WA/Bothell/17023-32nd-Ave-SE-98012/home/60468044,NWMLS,1357113,N,Y,47.8429188,-122.1891906
PAST SALE,November-28-2018,Single Family Residential,15801 35th Dr SE,Bothell,WA,98012,732000,5,2.5,Mill Creek,3034,6098,2005,59,241,47,Sold,,,http://www.redfin.com/WA/Bothell/15801-35th-Dr-SE-98012/home/2910174,NWMLS,1336178,N,Y,47.8543388,-122.1856225
PAST SALE,October-23-2018,Single Family Residential,16410 35th Dr SE,Bothell,WA,98012,465000,3,2.75,Mill Creek,1622,2071,2008,95,287,100,Sold,,,http://www.redfin.com/WA/Arlington/16410-35th-Ave-NE-98223/unit-24/home/21499621,NWMLS,1320522,N,Y,47.84862,-122.185049
PAST SALE,September-28-2018,Single Family Residential,1322 192nd Place SE #6,Bothell,WA,98012,575520,3,2.5,Bothell,1800,3165,2018,120,320,125,Sold,,,http://www.redfin.com/WA/Bothell/1322-192nd-Pl-SE-98012/unit-6/home/146061647,NWMLS,1312772,N,Y,47.8234721,-122.1994184
PAST SALE,October-26-2018,Single Family Residential,4022 177th St SE,Bothell,WA,98012,650000,3,2.5,Mill Creek,2199,3920,2012,92,296,70,Sold,,,http://www.redfin.com/WA/Bothell/4022-177th-St-SE-98012/home/54808898,NWMLS,1357108,N,Y,47.83696,-122.1773245
PAST SALE,November-20-2018,Single Family Residential,18606 10th Ave SE,Mill Creek,WA,98012,525000,3,2.5,Bothell,1960,4000,2004,67,268,,Sold,,,http://www.redfin.com/WA/Bothell/18606-10th-Ave-SE-98012/home/39823595,NWMLS,1341779,N,Y,47.8288831,-122.2190081
PAST SALE,November-1-2018,Single Family Residential,1326 192nd Place SE #7,Bothell,WA,98012,689995,4,2.5,Bothell,2399,3700,2018,86,288,,Sold,,,http://www.redfin.com/WA/Bothell/1326-192nd-St-SE-98012/unit-7/home/146242697,NWMLS,1328920,N,Y,47.8239584,-122.2160859
PAST SALE,September-14-2018,Single Family Residential,18632 40th Ave SE,Bothell,WA,98012,800000,5,2.75,North Creek,2876,3920,2016,134,278,40,Sold,,,http://www.redfin.com/WA/Bothell/18632-40th-Ave-SE-98012/home/112744850,NWMLS,1334049,N,Y,47.8281841,-122.1793401
PAST SALE,August-23-2018,Single Family Residential,18721 46th Ave SE,Bothell,WA,98012,734665,4,2.25,North Creek,1876,2969,2018,156,392,85,Sold,,,http://www.redfin.com/WA/Bothell/18721-46th-Ave-SE-98012/home/144796076,NWMLS,1240231,N,Y,47.828913,-122.172253
PAST SALE,November-2-2018,Single Family Residential,18619 46th Ave SE,Bothell,WA,98012,762868,4,3.5,North Creek,2301,3499,2018,85,332,88,Sold,,,http://www.redfin.com/WA/Bothell/18619-46th-Ave-SE-98012/home/144795802,NWMLS,1240151,N,Y,47.8585207,-122.1725709
PAST SALE,September-18-2018,Single Family Residential,18704 45th Dr SE,Bothell,WA,98012,905856,5,3.0,North Creek,2841,4189,2017,130,319,85,Sold,,,http://www.redfin.com/WA/Bothell/18704-45th-Dr-SE-98012/home/143429504,NWMLS,1201467,N,Y,47.8289,-122.1723
PAST SALE,September-19-2018,Single Family Residential,1218 198th Place SE Lot 67,Bothell,WA,98012,764720,4,2.5,Thrashers Corner,2346,4746,2018,129,326,81,Sold,,,http://www.redfin.com/WA/Bothell/1218-198th-Pl-SE-98012/unit-67/home/145995339,NWMLS,1305643,N,Y,47.8178936,-122.2206202
PAST SALE,September-28-2018,Single Family Residential,3304 181st St SE,Bothell,WA,98012,650000,4,2.5,North Bothell,1975,7405,2015,120,329,60,Sold,,,http://www.redfin.com/WA/Bothell/3304-181st-St-SE-98012/home/63031289,NWMLS,1348522,N,Y,47.8332736,-122.1882744
PAST SALE,September-21-2018,Single Family Residential,3525 195th Place SE,Bothell,WA,98012,710000,3,2.5,North Creek,2458,3920,2013,127,289,85,Sold,,,http://www.redfin.com/WA/Bothell/3525-195th-Pl-SE-98012/home/54808747,NWMLS,1331968,N,Y,47.8205452,-122.1848848
PAST SALE,September-20-2018,Single Family Residential,16612 42nd Dr SE,Bothell,WA,98012,519000,4,2.5,Bothell,1552,6970,2009,128,334,,Sold,,,http://www.redfin.com/WA/Bothell/16612-42nd-Dr-SE-98012/home/39951294,NWMLS,1345736,N,Y,47.8466754,-122.1760143
PAST SALE,October-4-2018,Single Family Residential,18325 39th Dr SE,Bothell,WA,98012,520000,3,2.25,Bothell,1568,3041,2010,114,332,107,Sold,,,http://www.redfin.com/WA/Bothell/18325-39th-Dr-SE-98012/unit-105/home/22921488,NWMLS,1346537,N,Y,47.831422,-122.179579
PAST SALE,October-1-2018,Condo/Co-op,14915 38th Drive SE Unit FF3022,Bothell,WA,98012,324950,2,1.75,Mill Creek,1164,399159,2007,117,279,247,Sold,,,http://www.redfin.com/WA/Bothell/14915-38th-Dr-SE-98012/unit-FF3022/home/146700547,NWMLS,1341573,N,Y,47.8622748,-122.1798117
PAST SALE,August-29-2018,Single Family Residential,18724 42nd Ave SE,Bothell,WA,98012,725000,4,2.75,North Creek,2494,4356,2017,150,291,40,Sold,,,http://www.redfin.com/WA/Bothell/18724-42nd-Ave-SE-98012/home/108537648,NWMLS,1335880,N,Y,47.827264,-122.176328
PAST SALE,October-9-2018,Single Family Residential,18005 44th Ave SE,Bothell,WA,98012,705000,5,2.75,North Creek,2545,4665,2017,109,277,49,Sold,,,http://www.redfin.com/WA/Bothell/18005-44th-Dr-SE-98012/home/112384471,NWMLS,1332729,N,Y,47.8342975,-122.17242
PAST SALE,September-4-2018,Townhouse,18804 19th Dr SE,Bothell,WA,98012,445950,3,2.5,North Creek,1521,2178,1996,144,293,76,Sold,,,http://www.redfin.com/WA/Bothell/18804-19th-Dr-SE-98012/home/2843361,NWMLS,1311579,N,Y,47.82743,-122.207196
PAST SALE,August-24-2018,Single Family Residential,17304 26 Ave SE,Bothell,WA,98012,530000,4,2.75,Mays Pond,1948,7841,1978,155,272,,Sold,,,http://www.redfin.com/WA/Bothell/17304-26th-Ave-SE-98012/home/2777330,NWMLS,1331154,N,Y,47.8408186,-122.1973751
PAST SALE,December-7-2018,Single Family Residential,21621 9th Ave W,Bothell,WA,98021,480000,3,1.5,Queensborough,2436,7405,1977,50,197,,Sold,,,http://www.redfin.com/WA/Bothell/21621-9th-Ave-W-98021/home/2776055,NWMLS,1331050,N,Y,47.8017633,-122.2454857
PAST SALE,November-21-2018,Single Family Residential,9 193rd Place SE,Bothell,WA,98012,670000,5,2.75,Bothell,2205,3899,2016,66,304,45,Sold,,,http://www.redfin.com/WA/Bothell/9-193rd-Pl-SE-98012/unit-19/home/109593166,NWMLS,1357485,N,Y,47.822681,-122.232402
PAST SALE,August-6-2018,Single Family Residential,18103 28th Dr SE,Bothell,WA,98012,545000,3,2.5,North Bothell,1605,5000,2002,173,340,58,Sold,,,http://www.redfin.com/WA/Bothell/18103-28th-Dr-SE-98012/unit-4/home/2896010,NWMLS,1326645,N,Y,47.8334159,-122.1944027
PAST SALE,November-29-2018,Single Family Residential,307 202nd Place SE,Bothell,WA,98012,475000,3,2.5,Thrashers Corner,1670,2963,2012,58,284,55,Sold,,,http://www.redfin.com/WA/Bothell/307-202nd-Pl-SE-98012/home/40022204,NWMLS,1387393,N,Y,47.8144135,-122.2275961
PAST SALE,November-30-2018,Single Family Residential,22021 Meridian Ave S,Bothell,WA,98126,587000,4,2.75,Queensborough,2156,9583,1977,57,272,,Sold,,,http://www.redfin.com/WA/Bothell/22021-Meridian-Ave-S-98021/home/2735402,NWMLS,1377125,N,Y,47.7979726,-122.232799
PAST SALE,September-18-2018,Single Family Residential,1414 192nd Place SE #12,Bothell,WA,98012,724995,5,3.25,Bothell,2850,2928,2018,130,254,125,Sold,,,http://www.redfin.com/WA/Bothell/1414-192nd-St-SE-98012/unit-12/home/146243059,NWMLS,1328955,N,Y,47.8239471,-122.2153475
PAST SALE,November-27-2018,Single Family Residential,17003 16th Dr SE,Bothell,WA,98012,610000,3,2.5,Mill Creek,2455,3485,2009,60,248,42,Sold,,,http://www.redfin.com/WA/Mill-Creek/17003-16th-Dr-SE-98012/home/17971231,NWMLS,1369133,N,Y,47.8439224,-122.2102308
PAST SALE,October-17-2018,Single Family Residential,23832 Carter Road,Bothell,WA,98021,449950,2,1.75,Alderwood Manor,1440,22216,1974,101,312,,Sold,,,http://www.redfin.com/WA/Bothell/23832-Carter-Rd-98021/home/2655015,NWMLS,1356491,N,Y,47.7816585,-122.2516729
PAST SALE,December-4-2018,Single Family Residential,607 194th Place SE,Bothell,WA,98012,645000,4,2.5,Canyon Park,2382,3920,2010,53,271,,Sold,,,http://www.redfin.com/WA/Bothell/607-194th-Pl-SE-98012/home/39951426,NWMLS,1381149,N,Y,47.8221466,-122.223641
PAST SALE,October-22-2018,Townhouse,221 164th Place SE,Bothell,WA,98012,378000,2,2.25,Mill Creek,1349,1742,2009,96,280,153,Sold,,,http://www.redfin.com/WA/Bothell/221-164th-Pl-SE-98012/home/39951827,NWMLS,1332104,N,Y,47.849017,-122.228977
PAST SALE,August-30-2018,Condo/Co-op,9624 NE 183rd St #36,Bothell,WA,98011,849850,4,3.25,Downtown Bothell,2048,,2017,149,415,137,Sold,,,http://www.redfin.com/WA/Bothell/9624-NE-183rd-St-98011/unit-36/home/144340686,NWMLS,1220250,N,Y,47.7608494,-122.2079146
PAST SALE,August-20-2018,Single Family Residential,9710 NE 198th St,Bothell,WA,98011,705000,3,2.0,Maywood Hills,2150,10800,1962,159,328,,Sold,,,http://www.redfin.com/WA/Bothell/9710-NE-198th-St-98011/home/285280,NWMLS,1317828,N,Y,47.7723209,-122.210714
PAST SALE,January-25-2019,Single Family Residential,19812 11th Dr SE Unit ARV24,Bothell,WA,98012,730000,5,2.75,Thrashers Corner,2474,4000,2018,1,295,81,Sold,,,http://www.redfin.com/WA/Bothell/19812-11th-Dr-SE-98012/unit-ARV24/home/147127095,NWMLS,1364058,N,Y,47.8137925,-122.2165806
PAST SALE,January-23-2019,Townhouse,23908 34th Ave SE,Bothell,WA,98021,450000,2,2.5,North Creek,1326,278784,2004,3,339,75,Sold,,,http://www.redfin.com/WA/Bothell/23908-34th-Ave-SE-98021/unit-24/home/2909461,NWMLS,1389308,N,Y,47.7813602,-122.1876204
PAST SALE,July-31-2018,Single Family Residential,19417 7th Ave SE,Bothell,WA,98012,675000,4,2.5,Canyon Park,2605,5227,2011,179,259,21,Sold,,,http://www.redfin.com/WA/Bothell/19417-7th-Ave-SE-98012/home/35654580,NWMLS,1309495,N,Y,47.8226527,-122.2217532
PAST SALE,January-22-2019,Townhouse,933 223rd St SE Unit 16-S,Bothell,WA,98021,674950,4,3.25,Canyon Park,2301,4240,2018,4,293,91,Sold,,,http://www.redfin.com/WA/Bothell/933-223rd-Pl-SE-98021/unit-16-S/home/146122663,NWMLS,1302906,N,Y,47.7952612,-122.2236456
PAST SALE,January-18-2019,Mobile/Manufactured Home,3333 228th St SE #18,Bothell,WA,98021,60000,3,2.0,Canyon Park,1614,,1991,8,37,,Sold,,,http://www.redfin.com/WA/Bothell/3333-228th-St-SE-98021/unit-18/home/2871764,NWMLS,1393383,N,Y,47.7930754,-122.1896993
PAST SALE,October-17-2018,Single Family Residential,1214 198th Place SE Unit ARV65,Bothell,WA,98012,818945,5,3.25,Thrashers Corner,2682,5048,2018,101,305,81,Sold,,,http://www.redfin.com/WA/Bothell/1214-198th-Pl-SE-98012/unit-ARV65/home/146092708,NWMLS,1314943,N,Y,47.8182943,-122.215566
PAST SALE,September-12-2018,Single Family Residential,16925 1st Ave W,Bothell,WA,98012,690000,3,2.5,Martha Lake,2135,3920,2016,136,323,85,Sold,,,http://www.redfin.com/WA/Bothell/16925-1st-Ave-W-98012/home/112744681,NWMLS,1338295,N,Y,47.8446099,-122.2340633
PAST SALE,December-21-2018,Mobile/Manufactured Home,22623 31st Ave SE #7,Bothell,WA,98021,79950,2,1.0,Canyon Park,918,1155669,2007,36,87,,Sold,,,http://www.redfin.com/WA/Bothell/22623-31st-Ave-SE-98021/unit-7/home/21501794,NWMLS,1389431,N,Y,47.7921155,-122.1913845
PAST SALE,December-21-2018,Single Family Residential,4410 235th Place SE #254,Bothell,WA,98021,889950,4,2.5,Canyon Park,2501,3400,2018,36,356,71,Sold,,,http://www.redfin.com/WA/Bothell/4410-235th-Pl-SE-98021/unit-254/home/145868039,NWMLS,1300424,N,Y,47.7853791,-122.2029648
PAST SALE,November-30-2018,Single Family Residential,21638 35th Ave SE #21,Bothell,WA,98021,1140275,4,3.5,Canyon Park,3777,11282,2018,57,302,90,Sold,,,http://www.redfin.com/WA/Bothell/21638-35th-Ave-SE-98021/unit-21/home/144779671,NWMLS,1238631,N,Y,47.8008908,-122.1870632
PAST SALE,December-20-2018,Townhouse,22262 9th Dr SE Unit 07-S,Bothell,WA,98021,860050,5,2.75,Canyon Park,3044,,2018,37,283,91,Sold,,,http://www.redfin.com/WA/Bothell/22262-9th-Dr-SE-98021/unit-07-S/home/146414958,NWMLS,1334231,N,Y,47.7934152,-122.2199155
PAST SALE,December-18-2018,Single Family Residential,3327 208th Place SE,Bothell,WA,98021,615500,4,2.75,Canyon Firs,2031,7405,1989,39,303,2,Sold,,,http://www.redfin.com/WA/Bothell/3327-208th-Pl-SE-98021/home/2812467,NWMLS,1366336,N,Y,47.8090037,-122.1877495
PAST SALE,January-15-2019,Single Family Residential,20308 3rd Dr SE,Bothell,WA,98012,565000,4,2.5,Thrashers Corner,1983,6343,2011,11,285,55,Sold,,,http://www.redfin.com/WA/Bothell/20308-3rd-Dr-SE-98012/home/40022172,NWMLS,1382566,N,Y,47.81358,-122.2272
PAST SALE,November-14-2018,Single Family Residential,1205 198th Place SE Unit ARV 9,Bothell,WA,98012,649995,3,2.5,Thrashers Corner,1911,3882,2018,73,340,81,Sold,,,http://www.redfin.com/WA/Bothell/1205-198th-Pl-SE-98012/unit-ARV-9/home/147562845,NWMLS,1310081,N,Y,47.8178936,-122.2206202
PAST SALE,December-11-2018,Single Family Residential,12925 NE 201st St,Woodinville,WA,98072,899950,0,,Bothell,2916,6026,2018,46,309,,Sold,,,http://www.redfin.com/WA/Woodinville/12925-NE-201st-St-98072/home/148451105,NWMLS,1393507,N,Y,47.7734377,-122.169155
PAST SALE,December-5-2018,Townhouse,15600 116th Ave NE Unit L1,Bothell,WA,98011,325000,2,1.5,Bothell,1036,1,1986,52,314,411,Sold,,,http://www.redfin.com/WA/Bothell/15600-116th-Ave-NE-98011/unit-L1/home/25375,NWMLS,1349650,N,Y,47.7414334,-122.1861936
PAST SALE,October-30-2018,Single Family Residential,9628 NE 200th St,Bothell,WA,98011,500000,3,1.75,Bothell,1950,13264,1969,88,256,,Sold,,,http://www.redfin.com/WA/Bothell/9628-NE-200th-St-98011/home/285579,NWMLS,1371126,N,Y,47.7737075,-122.2113555
PAST SALE,December-19-2018,Single Family Residential,15003 108th Place NE,Bothell,WA,98011,670000,5,2.75,Norway Hill,2110,6750,1969,38,318,,Sold,,,http://www.redfin.com/WA/Bothell/15003-108th-Pl-NE-98011/home/457721,NWMLS,1366564,N,Y,47.7367192,-122.1967616
PAST SALE,December-19-2018,Townhouse,23908 Bothell Everett Hwy Unit C1,Bothell,WA,98021,381000,2,2.5,Canyon Park,1252,137488,1996,38,304,392,Sold,,,http://www.redfin.com/WA/Bothell/23908-Bothell-Everett-Hwy-98021/unit-C1/home/2853180,NWMLS,1389063,N,Y,47.7809614,-122.2217157
PAST SALE,December-27-2018,Single Family Residential,10210 NE 189th St,Bothell,WA,98011,450000,3,1.5,Downtown Bothell,2430,7194,1900,30,185,,Sold,,,http://www.redfin.com/WA/Bothell/10210-NE-189th-St-98011/home/287312,NWMLS,1367573,N,Y,47.7649096,-122.2035613
PAST SALE,December-27-2018,Condo/Co-op,10342 NE 187th St #2,Bothell,WA,98011,698000,4,2.75,Downtown Bothell,1796,14455,2018,30,389,210,Sold,,,http://www.redfin.com/WA/Bothell/10342-NE-187th-St-98011/unit-2/home/148153460,NWMLS,1387604,N,Y,47.7640756,-122.2018441
PAST SALE,November-29-2018,Single Family Residential,718 222nd St SW,Bothell,WA,98021,538000,4,2.25,Canyon Park,2140,31799,1974,58,251,,Sold,,,http://www.redfin.com/WA/Bothell/718-222nd-St-SW-98021/home/2771130,NWMLS,1346239,N,Y,47.7964749,-122.243318
PAST SALE,December-18-2018,Single Family Residential,21329 2nd Dr SE,Bothell,WA,98021,525000,3,2.25,Canyon Park,1600,8712,1976,39,328,,Sold,,,http://www.redfin.com/WA/Bothell/21329-2nd-Dr-SE-98021/home/2773640,NWMLS,1339436,N,Y,47.8039977,-122.2282392
PAST SALE,December-11-2018,Single Family Residential,17810 38th Dr SE #6,Bothell,WA,98012,643000,3,2.5,Bothell,2085,3200,2016,46,308,65,Sold,,,http://www.redfin.com/WA/Bothell/17810-38th-Dr-SE-98012/unit-6/home/102539696,NWMLS,1384765,N,Y,47.836059,-122.180888
PAST SALE,August-24-2018,Vacant Land,4720 208th St SE,Bothell,WA,98021,300000,0,,Canyon Park,,46609,,155,,,Sold,,,http://www.redfin.com/WA/Bothell/4720-208th-St-SE-98021/home/2566210,NWMLS,1319084,N,Y,47.808424,-122.1691401
PAST SALE,December-11-2018,Single Family Residential,16603 42nd Ave SE,Bothell,WA,98012,520000,3,2.25,Bothell,1520,6534,2009,46,342,35,Sold,,,http://www.redfin.com/WA/Bothell/16603-42nd-Ave-SE-98012/home/28640702,NWMLS,1381554,N,Y,47.8469355,-122.1763332
PAST SALE,August-16-2018,Single Family Residential,18725 45th Park SE,Bothell,WA,98012,784846,5,2.75,North Creek,2186,3100,2017,163,359,85,Sold,,,http://www.redfin.com/WA/Bothell/18725-45th-Ave-SE-98012/home/143185776,NWMLS,1176305,N,Y,47.828913,-122.172253
PAST SALE,December-11-2018,Single Family Residential,17118 39th Dr SE,Bothell,WA,98012,1016000,4,4.75,North Creek,3896,6082,2018,46,261,,Sold,,,http://www.redfin.com/WA/Bothell/17118-39th-Dr-SE-98012/home/147429302,NWMLS,1371734,N,Y,47.842245,-122.1798255
PAST SALE,December-19-2018,Single Family Residential,4427 147th Place SE,Bothell,WA,98012,612500,3,2.5,Seattle Hill,2631,4356,2004,38,233,33,Sold,,,http://www.redfin.com/WA/Bothell/4427-147th-Pl-SE-98012/home/2908569,NWMLS,1363049,N,Y,47.864224,-122.1721644
PAST SALE,December-24-2018,Mobile/Manufactured Home,20524 32nd Dr SE,Bothell,WA,98012,299950,3,2.0,Thrashers Corner,1538,8276,2004,33,195,170,Sold,,,http://www.redfin.com/WA/Bothell/20524-32nd-Dr-SE-98012/home/2660856,NWMLS,1387885,N,Y,47.8111076,-122.1896679
PAST SALE,December-26-2018,Single Family Residential,4404 181st St SE,Bothell,WA,98012,680000,4,2.5,North Creek,2353,4116,2017,31,289,49,Sold,,,http://www.redfin.com/WA/Bothell/4404-181st-St-SE-98012/home/112939919,NWMLS,1357521,N,Y,47.8336327,-122.1735235
PAST SALE,December-3-2018,Townhouse,14915 38th Dr SE Unit O1133,Bothell,WA,98012,359000,3,1.75,Mill Creek,1371,,2006,54,262,292,Sold,,,http://www.redfin.com/WA/Bothell/14915-38th-Dr-SE-98012/unit-O1133/home/12333966,NWMLS,1348936,N,Y,47.8622748,-122.1798117
PAST SALE,July-31-2018,Single Family Residential,15101 91st Place NE,Bothell,WA,98011,910000,4,2.75,Amber Ridge,2760,9014,1989,179,330,20,Sold,,,http://www.redfin.com/WA/Bothell/15101-91st-Pl-NE-98011/home/285195,NWMLS,1312785,N,Y,47.7371867,-122.2196138
PAST SALE,August-1-2018,Condo/Co-op,10826 NE 148th Lane Unit H102,Bothell,WA,98011,365000,3,2.0,Juanita,1084,374551,1982,178,337,432,Sold,,,http://www.redfin.com/WA/Bothell/10826-NE-148th-Ln-98011/unit-H102/home/17069044,NWMLS,1317101,N,Y,47.73511951973375,-122.19517216413504
PAST SALE,July-31-2018,Condo/Co-op,15300 112th Ave NE Unit B201,Bothell,WA,98011,295000,1,1.0,Bothell,749,,1999,179,394,258,Sold,,,http://www.redfin.com/WA/Bothell/15300-112th-Ave-NE-98011/unit-B201/home/22685300,NWMLS,1300560,N,Y,47.7394231,-122.1907686
PAST SALE,July-31-2018,Single Family Residential,16605 122nd Place NE,Bothell,WA,98011,1700000,11,7.5,Cherry Hill,4970,24705,1939,179,342,,Sold,,,http://www.redfin.com/WA/Bothell/16605-122nd-Pl-NE-98011/home/113608475,NWMLS,1090353,N,Y,47.7487838,-122.1769632
PAST SALE,November-30-2018,Single Family Residential,922 183rd Place SE,Mill Creek,WA,98012,535000,3,2.5,Bothell,1977,3485,2001,57,271,42,Sold,,,http://www.redfin.com/WA/Mill-Creek/922-183rd-Pl-SE-98012/home/2889688,NWMLS,1373430,N,Y,47.8314898,-122.2183672
PAST SALE,December-20-2018,Single Family Residential,18606 46th Ave SE,Bothell,WA,98012,785474,4,3.5,North Creek,2600,3339,2018,37,302,88,Sold,,,http://www.redfin.com/WA/Bothell/18606-46th-Ave-SE-98012/home/143417846,NWMLS,1304780,N,Y,47.8289,-122.1723
PAST SALE,December-20-2018,Single Family Residential,18913 4th Ave SE,Bothell,WA,98012,504000,5,3.0,Bothell,2016,3485,2005,37,250,,Sold,,,http://www.redfin.com/WA/Bothell/18913-4th-Ave-SE-98012/home/2914729,NWMLS,1377965,N,Y,47.8261281,-122.2277925
PAST SALE,December-20-2018,Mobile/Manufactured Home,17033 Woodcrest Dr NE,Bothell,WA,98011,265000,2,1.75,Bothell,1089,3697,1986,37,243,,Sold,,,http://www.redfin.com/WA/Bothell/17033-Woodcrest-Dr-NE-98011/home/25714547,NWMLS,1382831,N,Y,47.7514092,-122.1812145
PAST SALE,December-3-2018,Single Family Residential,10735 NE 187th St,Bothell,WA,98011,725000,3,2.5,Bothell,1990,9600,2000,54,364,,Sold,,,http://www.redfin.com/WA/Bothell/10735-NE-187th-St-98011/home/285844,NWMLS,1361286,N,Y,47.7636578,-122.1970224
PAST SALE,October-2-2018,Single Family Residential,16813 119th Place NE,Bothell,WA,98011,775000,3,2.5,Bothell,2710,5781,1989,116,286,13,Sold,,,http://www.redfin.com/WA/Bothell/16813-119th-Pl-NE-98011/home/452673,NWMLS,1350382,N,Y,47.7499525,-122.1818949
PAST SALE,October-12-2018,Single Family Residential,12903 NE 201st Wy,Woodinville,WA,98072,708000,3,2.5,Woodinville,2362,4161,2003,106,300,27,Sold,,,http://www.redfin.com/WA/Woodinville/12903-NE-201st-Way-98072/home/287418,NWMLS,1336818,N,Y,47.7727624,-122.1691782
PAST SALE,August-24-2018,Mobile/Manufactured Home,17225 Woodcrest Dr NE,Bothell,WA,98011,330000,2,2.0,Bothell,1539,7157,1987,155,214,130,Sold,,,http://www.redfin.com/WA/Bothell/17225-Woodcrest-Dr-NE-98011/home/12352593,NWMLS,1306333,N,Y,47.753087,-122.184894
PAST SALE,August-15-2018,Condo/Co-op,20330 Bothell Everett Hwy Unit C302,Bothell,WA,98012,265000,2,1.0,North Creek,860,,1986,164,308,357,Sold,,,http://www.redfin.com/WA/Bothell/20330-Bothell-Everett-Hwy-98012/unit-C302/home/2902750,NWMLS,1310108,N,Y,47.8134649,-122.2106829
PAST SALE,January-11-2019,Single Family Residential,23402 20th Ave SE,Bothell,WA,98021,594950,4,2.5,Canyon Park,2040,7841,1984,15,292,,Sold,,,http://www.redfin.com/WA/Bothell/23402-20th-Ave-SE-98021/home/2803641,NWMLS,1378831,N,Y,47.7857628,-122.2058913
PAST SALE,August-10-2018,Single Family Residential,19909 30th Dr SE,Bothell,WA,98012,554000,3,2.0,Thrashers Corner,1595,6534,1996,169,347,,Sold,,,http://www.redfin.com/WA/Bothell/19909-30th-Dr-SE-98012/home/2850071,NWMLS,1314988,N,Y,47.8170323,-122.1915893
PAST SALE,August-16-2018,Single Family Residential,19215 34th Dr SE,Bothell,WA,98012,452000,3,1.75,North Creek,1104,10890,1970,163,409,,Sold,,,http://www.redfin.com/WA/Bothell/19215-34th-Dr-SE-98012/home/2677822,NWMLS,1318982,N,Y,47.8229705,-122.1866148
PAST SALE,August-7-2018,Single Family Residential,12312 NE 205th St #40,Bothell,WA,98011,717600,3,2.5,Bothell,2370,6327,2006,172,303,37,Sold,,,http://www.redfin.com/WA/Bothell/12312-NE-205th-St-98011/unit-40/home/11884913,NWMLS,1311644,N,Y,47.7764282,-122.1766601
PAST SALE,July-31-2018,Single Family Residential,4316 186th St SE,Bothell,WA,98012,782995,4,2.25,North Creek,1876,2708,2017,179,417,85,Sold,,,http://www.redfin.com/WA/Bothell/4316-186th-St-SE-98012/home/112747691,NWMLS,1304115,N,Y,47.828779,-122.174487
PAST SALE,August-13-2018,Single Family Residential,1411 192nd Place SE #17,Bothell,WA,98012,664995,4,2.5,Bothell,2399,3700,2018,166,277,,Sold,,,http://www.redfin.com/WA/Bothell/1411-192nd-St-SE-98012/unit-17/home/146242856,NWMLS,1328928,N,Y,47.8239493,-122.215506
PAST SALE,August-20-2018,Single Family Residential,23603 43rd Dr SE #249,Bothell,WA,98021,879950,5,2.75,Canyon Park,2825,3600,2018,159,311,71,Sold,,,http://www.redfin.com/WA/Bothell/23603-43rd-Dr-SE-98021/unit-249/home/146123778,NWMLS,1320122,N,Y,47.788598,-122.174924
PAST SALE,August-21-2018,Single Family Residential,19204 13th Dr SE #4,Bothell,WA,98012,699995,4,2.5,Bothell,2653,3690,2018,158,264,125,Sold,,,http://www.redfin.com/WA/Bothell/19204-13th-Dr-SE-98012/unit-4/home/146077528,NWMLS,1314180,N,Y,47.820167,-122.2126883
PAST SALE,July-30-2018,Single Family Residential,23530 43rd Dr SE #221,Bothell,WA,98021,849950,5,2.75,Canyon Park,2825,3600,2018,180,301,71,Sold,,,http://www.redfin.com/WA/Bothell/23530-43rd-Dr-SE-98021/unit-221/home/144635961,NWMLS,1230911,N,Y,47.788691,-122.1749082
PAST SALE,August-10-2018,Mobile/Manufactured Home,19404 127th Ave NE,Bothell,WA,98011,310000,2,2.0,Holly Hills,1780,5253,1978,169,174,,Sold,,,http://www.redfin.com/WA/Bothell/19404-127th-Ave-NE-98011/home/53869483,NWMLS,1305362,N,Y,47.7687903,-122.171727
PAST SALE,December-14-2018,Single Family Residential,17416 30th Dr SE,Bothell,WA,98012,487500,3,2.5,Mill Creek,1588,10890,1979,43,307,,Sold,,,http://www.redfin.com/WA/Bothell/17416-30th-Dr-SE-98012/home/2787068,NWMLS,1374857,N,Y,47.8395608,-122.1920647
PAST SALE,October-31-2018,Single Family Residential,1131 203rd Place SE,Bothell,WA,98012,512000,3,2.25,Thrashers Corner,1672,10890,1970,87,306,,Sold,,,http://www.redfin.com/WA/Bothell/1131-203rd-Pl-SE-98012/home/2679679,NWMLS,1338468,N,Y,47.8138527,-122.2162596
PAST SALE,September-25-2018,Single Family Residential,4107 177th Place SE Unit PND 4,Bothell,WA,98012,749534,4,4.0,Bothell,2492,3854,2018,123,301,96,Sold,,,http://www.redfin.com/WA/Bothell/4107-177th-Pl-SE-98012/unit-PND-4/home/145543399,NWMLS,1283126,N,Y,47.8372545,-122.1865422
PAST SALE,December-19-2018,Single Family Residential,22009 33rd Dr SE #40,Bothell,WA,98021,1221894,3,2.5,Canyon Park,3777,9710,2018,38,324,90,Sold,,,http://www.redfin.com/WA/Bothell/22009-33rd-Dr-SE-98021/unit-40/home/144163462,NWMLS,1211500,N,Y,47.8055965,-122.1882958
PAST SALE,October-30-2018,Single Family Residential,20715 14th Dr SE,Bothell,WA,98012,440000,4,2.5,Thrashers Corner,1472,10454,1978,88,299,,Sold,,,http://www.redfin.com/WA/Bothell/20715-14th-Dr-SE-98012/home/2784863,NWMLS,1361650,N,Y,47.8098364,-122.2131812
PAST SALE,September-14-2018,Single Family Residential,24024 41st Ave SE,Bothell,WA,98021,627000,4,2.5,Bothell,2047,3571,2006,134,306,54,Sold,,,http://www.redfin.com/WA/Bothell/24024-41st-Ave-SE-98021/unit-16/home/12104858,NWMLS,1342942,N,Y,47.7791428,-122.1779858
PAST SALE,September-28-2018,Condo/Co-op,3908 243rd Place SE Unit Q304,Bothell,WA,98021,308000,3,0.5,Bothell,871,,1997,120,354,420,Sold,,,http://www.redfin.com/WA/Bothell/3908-243rd-Pl-SE-98021/unit-Q304/home/11884618,NWMLS,1353861,N,Y,47.7771979,-122.1774966
PAST SALE,December-18-2018,Single Family Residential,4152 240th Place SE,Bothell,WA,98021,665000,4,3.0,Bothell,2726,3217,2007,39,244,47,Sold,,,http://www.redfin.com/WA/Bothell/4152-240-Pl-SE-98021/unit-5/home/12104851,NWMLS,1348441,N,Y,47.7792761,-122.1757789
PAST SALE,August-30-2018,Single Family Residential,4408 237th Place SE #129,Bothell,WA,98021,799950,4,3.5,Canyon Park,3316,5636,2018,149,241,71,Sold,,,http://www.redfin.com/WA/Bothell/4408-237th-Pl-SE-98021/unit-129/home/143851720,NWMLS,1215337,N,Y,47.7821409,-122.1690859
PAST SALE,November-9-2018,Single Family Residential,19730 11th Dr SE Unit ARV18,Bothell,WA,98012,769995,4,2.5,Thrashers Corner,2346,4699,2018,78,328,81,Sold,,,http://www.redfin.com/WA/Bothell/19730-11th-Dr-SE-98012/unit-ARV18/home/146242581,NWMLS,1326891,N,Y,47.8137925,-122.2165806
PAST SALE,September-24-2018,Single Family Residential,19016 Ross Rd,Bothell,WA,98011,875000,5,4.75,Bothell,4634,21924,1961,124,189,,Sold,,,http://www.redfin.com/WA/Bothell/19016-Ross-Rd-98011/home/286252,NWMLS,1310973,N,Y,47.7658938,-122.1937818
PAST SALE,October-31-2018,Single Family Residential,12820 NE 201st Place,Bothell,WA,98011,605000,3,2.5,Morningside,1700,5845,1988,87,356,,Sold,,,http://www.redfin.com/WA/Bothell/12820-NE-201st-Pl-98011/home/287996,NWMLS,1371346,N,Y,47.7741433,-122.16994
PAST SALE,September-28-2018,Mobile/Manufactured Home,19604 129th Ave NE,Bothell,WA,98011,310000,2,2.0,Bothell,1440,4561,1979,120,215,,Sold,,,http://www.redfin.com/WA/Bothell/19604-129th-Ave-NE-98011/home/44497020,NWMLS,1338725,N,Y,47.7697877,-122.1695
PAST SALE,September-27-2018,Single Family Residential,10823 NE 193rd (#4) St,Bothell,WA,98011,1349990,5,4.0,Bothell,4110,8999,2018,121,328,165,Sold,,,http://www.redfin.com/WA/Bothell/10823-NE-193rd-St-98011/home/146884953,NWMLS,1352588,N,Y,47.7673992,-122.1968369
PAST SALE,October-31-2018,Single Family Residential,18975 131st Place NE,Woodinville,WA,98072,838888,7,3.5,Woodinville,3366,9134,2004,87,249,,Sold,,,http://www.redfin.com/WA/Woodinville/18975-131st-Pl-NE-98072/home/145368179,NWMLS,1325450,N,Y,47.7649974,-122.164673
PAST SALE,October-30-2018,Condo/Co-op,9611 NE 182nd Place Unit 25C,Bothell,WA,98011,781417,4,3.25,Downtown Bothell,2048,,2018,88,382,137,Sold,,,http://www.redfin.com/WA/Bothell/9611-NE-182nd-Pl-98011/unit-25C/home/144766532,NWMLS,1237751,N,Y,47.7600826,-122.1678955
PAST SALE,September-14-2018,Condo/Co-op,9717 NE 182nd Place Unit 33C,Bothell,WA,98011,924829,4,3.25,Downtown Bothell,2097,,2018,134,441,137,Sold,,,http://www.redfin.com/WA/Bothell/9717-NE-182nd-Pl-98011/unit-33C/home/144762369,NWMLS,1236964,N,Y,47.7600826,-122.1678955
PAST SALE,August-7-2018,Vacant Land,12900 NE 192nd Pl,Bothell,WA,98011,900000,0,,Bothell,,87070,,172,,,Sold,,,http://www.redfin.com/WA/Bothell/12900-NE-192nd-Pl-98011/home/143408423,NWMLS,1183308,N,Y,47.7659159,-122.1680946
PAST SALE,November-26-2018,Single Family Residential,115 159th St SE,Bothell,WA,98012,590000,4,2.5,Martha Lake,2501,5559,2016,61,236,50,Sold,,,http://www.redfin.com/WA/Bothell/115-159th-St-SE-98012/unit-1/home/108293846,NWMLS,1356056,N,Y,47.8543549,-122.232914
PAST SALE,August-24-2018,Single Family Residential,14724 45th Ave SE,Bothell,WA,98012,525000,4,2.5,Silver Firs,2161,3150,2008,155,243,,Sold,,,http://www.redfin.com/WA/Bothell/14724-45th-Ave-SE-98012/home/21501179,NWMLS,1300163,N,Y,47.8636813,-122.1717015
PAST SALE,October-4-2018,Condo/Co-op,14915 38th Dr SE Unit B3004,Bothell,WA,98012,305000,2,1.75,Bothell,1109,399159,2007,114,275,236,Sold,,,http://www.redfin.com/WA/Bothell/14915-38th-Dr-SE-98012/unit-B3004/home/146879472,NWMLS,1346977,N,Y,47.8622748,-122.1798117
PAST SALE,November-20-2018,Single Family Residential,15309 35th Dr SE,Bothell,WA,98012,460000,3,2.5,Mill Creek,1690,3920,2004,67,272,32,Sold,,,http://www.redfin.com/WA/Bothell/15309-35th-Dr-SE-98012/home/2910094,NWMLS,1359756,N,Y,47.8587745,-122.185729
PAST SALE,November-9-2018,Single Family Residential,110 170 St SE,Bothell,WA,98012,591000,3,2.75,Mill Creek,2470,5227,2003,78,239,30,Sold,,,http://www.redfin.com/WA/Bothell/110-170th-St-SE-98012/home/2906644,NWMLS,1363662,N,Y,47.8438929,-122.2308808
PAST SALE,October-11-2018,Single Family Residential,10806 NE 193rd (#8) St,Bothell,WA,98011,1430974,7,3.75,Bothell,4438,11178,2018,107,322,165,Sold,,,http://www.redfin.com/WA/Bothell/10806-NE-193rd-8-St-98011/home/146433992,NWMLS,1337162,N,Y,47.767376,-122.196106
PAST SALE,September-11-2018,Single Family Residential,18 174th St SW,Bothell,WA,98012,749900,4,2.5,Martha Lake,2200,14375,1992,137,341,,Sold,,,http://www.redfin.com/WA/Bothell/18-174th-St-SW-98012/home/2829769,NWMLS,1324774,N,Y,47.8403439,-122.2339749
PAST SALE,September-27-2018,Single Family Residential,2329 169th Place SE,Bothell,WA,98012,525000,3,2.5,Mill Creek,1782,9583,1987,121,295,,Sold,,,http://www.redfin.com/WA/Bothell/2329-169th-Pl-SE-98012/home/2811001,NWMLS,1346039,N,Y,47.8444416,-122.2006217
PAST SALE,October-12-2018,Condo/Co-op,16530 23rd Ave SE Unit A2,Bothell,WA,98012,325000,2,2.25,Mays Pond,1452,235929,1983,106,224,325,Sold,,,http://www.redfin.com/WA/Bothell/16530-23rd-Ave-SE-98012/unit-A2/home/2806214,NWMLS,1337195,N,Y,47.847982,-122.2031264
PAST SALE,November-15-2018,Single Family Residential,412 164th Place SE,Bothell,WA,98012,559950,4,3.0,Mill Creek,2200,8276,1984,72,255,,Sold,,,http://www.redfin.com/WA/Bothell/412-164th-Pl-SE-98012/home/2797499,NWMLS,1365137,N,Y,47.8487141,-122.2261973
PAST SALE,October-26-2018,Single Family Residential,601 167th St SE,Bothell,WA,98012,422000,3,2.0,Mill Creek,1276,6970,1984,92,331,10,Sold,,,http://www.redfin.com/WA/Bothell/601-167th-St-SE-98012/home/2797438,NWMLS,1366299,N,Y,47.8468467,-122.2242036
PAST SALE,December-13-2018,Condo/Co-op,2201 192nd St SE Unit X101,Bothell,WA,98012,378700,3,1.75,North Bothell,1386,379380,1999,44,273,416,Sold,,,http://www.redfin.com/WA/Bothell/2201-192nd-St-SE-98012/unit-X101/home/2866601,NWMLS,1369522,N,Y,47.8253977,-122.20303
PAST SALE,January-10-2019,Townhouse,15600 116th Ave NE Unit M4,Bothell,WA,98011,350000,2,1.5,Bothell,1036,278862,1986,16,338,411,Sold,,,http://www.redfin.com/WA/Bothell/15600-116th-Ave-NE-98011/unit-M4/home/9485,NWMLS,1383436,N,Y,47.7414334,-122.1861936
